ID_merge	ID	Group	Wk Post-TX	weeks post-ATI	IL10 Pr (pg/ml)
RYk17_aIL10_-1	RYk17	aIL10	-1	-13	4.492134459347574
RHm17_aIL10_-1	RHm17	aIL10	-1	-13	7.748302699122371
34897_aIL10_-1	34897	aIL10	-1	-13	1.1114422917701605
RFn17_aIL10_-1	RFn17	aIL10	-1	-13	4.979632389468455
RVm17_aIL10_-1	RVm17	aIL10	-1	-13	1.8267925153171054
RVc17_aIL10_-1	RVc17	aIL10	-1	-13	12.656
34920_aIL10_-1	34920	aIL10	-1	-13	7.912
34930_aIL10_-1	34930	aIL10	-1	-13	1.6400000000000001
RGr17_aIL10_-1	RGr17	aIL10	-1	-13	1.2800000000000002
RZp17_aIL10_-1	RZp17	aIL10	-1	-13	2.08
RFl17_aIL10+aPD1_-1	RFl17	aIL10+aPD1	-1	-13	0.7458188441795
RYm17_aIL10+aPD1_-1	RYm17	aIL10+aPD1	-1	-13	3.8801126014240768
RNy16_aIL10+aPD1_-1	RNy16	aIL10+aPD1	-1	-13	10.641496936578903
RRh17_aIL10+aPD1_-1	RRh17	aIL10+aPD1	-1	-13	4.6775956284153
RIb17_aIL10+aPD1_-1	RIb17	aIL10+aPD1	-1	-13	7.456863719158801
34918_aIL10+aPD1_-1	34918	aIL10+aPD1	-1	-13	1.088
RBf17_aIL10+aPD1_-1	RBf17	aIL10+aPD1	-1	-13	1.36
RBv17_aIL10+aPD1_-1	RBv17	aIL10+aPD1	-1	-13	4.36
RKq17_aIL10+aPD1_-1	RKq17	aIL10+aPD1	-1	-13	14.632000000000001
RWs17_aIL10+aPD1_-1	RWs17	aIL10+aPD1	-1	-13	13.736
RYk17_aIL10_0	RYk17	aIL10	0	-12	3.363470773306839
RHm17_aIL10_0	RHm17	aIL10	0	-12	6.881934095048849
34897_aIL10_0	34897	aIL10	0	-12	2.5765855274051996
RFn17_aIL10_0	RFn17	aIL10	0	-12	4.783573439311144
RVm17_aIL10_0	RVm17	aIL10	0	-12	1.294254015565491
RVc17_aIL10_0	RVc17	aIL10	0	-12	14.664000000000001
34920_aIL10_0	34920	aIL10	0	-12	10.552000000000001
34930_aIL10_0	34930	aIL10	0	-12	2.552
RGr17_aIL10_0	RGr17	aIL10	0	-12	1.0240000000000002
RZp17_aIL10_0	RZp17	aIL10	0	-12	5.8
RFl17_aIL10+aPD1_0	RFl17	aIL10+aPD1	0	-12	0.45967875476072195
RYm17_aIL10+aPD1_0	RYm17	aIL10+aPD1	0	-12	4.208643815201192
RNy16_aIL10+aPD1_0	RNy16	aIL10+aPD1	0	-12	11.163437655240934
RRh17_aIL10+aPD1_0	RRh17	aIL10+aPD1	0	-12	4.4285477728100675
RIb17_aIL10+aPD1_0	RIb17	aIL10+aPD1	0	-12	5.729425401556549
34918_aIL10+aPD1_0	34918	aIL10+aPD1	0	-12	1.1840000000000002
RBf17_aIL10+aPD1_0	RBf17	aIL10+aPD1	0	-12	1.6720000000000002
RBv17_aIL10+aPD1_0	RBv17	aIL10+aPD1	0	-12	5.384
RKq17_aIL10+aPD1_0	RKq17	aIL10+aPD1	0	-12	14.696000000000002
RWs17_aIL10+aPD1_0	RWs17	aIL10+aPD1	0	-12	10.160000000000002
RYk17_aIL10_1	RYk17	aIL10	1	-11	305.5416191562143
RHm17_aIL10_1	RHm17	aIL10	1	-11	235.66704675028507
34897_aIL10_1	34897	aIL10	1	-11	506.77309007981756
RFn17_aIL10_1	RFn17	aIL10	1	-11	120.72976054732041
RVm17_aIL10_1	RVm17	aIL10	1	-11	278.17559863169896
RVc17_aIL10_1	RVc17	aIL10	1	-11	211.43697478991598
34920_aIL10_1	34920	aIL10	1	-11	271.60504201680675
34930_aIL10_1	34930	aIL10	1	-11	208.74789915966386
RGr17_aIL10_1	RGr17	aIL10	1	-11	542.5294117647059
RZp17_aIL10_1	RZp17	aIL10	1	-11	120.68067226890756
RFl17_aIL10+aPD1_1	RFl17	aIL10+aPD1	1	-11	113.61459521094642
RYm17_aIL10+aPD1_1	RYm17	aIL10+aPD1	1	-11	301.52793614595214
RNy16_aIL10+aPD1_1	RNy16	aIL10+aPD1	1	-11	313.38654503990875
RRh17_aIL10+aPD1_1	RRh17	aIL10+aPD1	1	-11	286.0205245153934
RIb17_aIL10+aPD1_1	RIb17	aIL10+aPD1	1	-11	114.16191562143672
34918_aIL10+aPD1_1	34918	aIL10+aPD1	1	-11	871.6050420168067
RBf17_aIL10+aPD1_1	RBf17	aIL10+aPD1	1	-11	663.5378151260504
RBv17_aIL10+aPD1_1	RBv17	aIL10+aPD1	1	-11	645.0504201680673
RKq17_aIL10+aPD1_1	RKq17	aIL10+aPD1	1	-11	422.52941176470586
RWs17_aIL10+aPD1_1	RWs17	aIL10+aPD1	1	-11	326.3949579831933
RYk17_aIL10_4	RYk17	aIL10	4	-8	445.65564424173317
RHm17_aIL10_4	RHm17	aIL10	4	-8	225.4503990877993
34897_aIL10_4	34897	aIL10	4	-8	309.92018244013684
RFn17_aIL10_4	RFn17	aIL10	4	-8	64.1733181299886
RVm17_aIL10_4	RVm17	aIL10	4	-8	282.37172177879137
RVc17_aIL10_4	RVc17	aIL10	4	-8	948.9159663865546
34920_aIL10_4	34920	aIL10	4	-8	988.2436974789915
34930_aIL10_4	34930	aIL10	4	-8	527.0672268907563
RGr17_aIL10_4	RGr17	aIL10	4	-8	285.38655462184875
RZp17_aIL10_4	RZp17	aIL10	4	-8	220.84873949579833
RFl17_aIL10+aPD1_4	RFl17	aIL10+aPD1	4	-8	99.74914481185861
RYm17_aIL10+aPD1_4	RYm17	aIL10+aPD1	4	-8	329.44127708095783
RNy16_aIL10+aPD1_4	RNy16	aIL10+aPD1	4	-8	316.8529076396807
RRh17_aIL10+aPD1_4	RRh17	aIL10+aPD1	4	-8	189.1448118586089
RIb17_aIL10+aPD1_4	RIb17	aIL10+aPD1	4	-8	131.31128848346637
34918_aIL10+aPD1_4	34918	aIL10+aPD1	4	-8	517.3193277310925
RBf17_aIL10+aPD1_4	RBf17	aIL10+aPD1	4	-8	151.94117647058823
RBv17_aIL10+aPD1_4	RBv17	aIL10+aPD1	4	-8	372.4453781512605
RKq17_aIL10+aPD1_4	RKq17	aIL10+aPD1	4	-8	601.6890756302521
RWs17_aIL10+aPD1_4	RWs17	aIL10+aPD1	4	-8	422.52941176470586
RYk17_aIL10_5	RYk17	aIL10	5	-7	240.7753705815279
RHm17_aIL10_5	RHm17	aIL10	5	-7	373.0444697833524
34897_aIL10_5	34897	aIL10	5	-7	282.1892816419612
RFn17_aIL10_5	RFn17	aIL10	5	-7	157.76510832383124
RVm17_aIL10_5	RVm17	aIL10	5	-7	564.6066134549601
RVc17_aIL10_5	RVc17	aIL10	5	-7	389.5882352941177
34920_aIL10_5	34920	aIL10	5	-7	1146.563025210084
34930_aIL10_5	34930	aIL10	5	-7	802.0252100840337
RGr17_aIL10_5	RGr17	aIL10	5	-7	350.2605042016807
RZp17_aIL10_5	RZp17	aIL10	5	-7	164.3781512605042
RFl17_aIL10+aPD1_5	RFl17	aIL10+aPD1	5	-7	82.78221208665906
RYm17_aIL10+aPD1_5	RYm17	aIL10+aPD1	5	-7	362.6453819840365
RNy16_aIL10+aPD1_5	RNy16	aIL10+aPD1	5	-7	948.460661345496
RRh17_aIL10+aPD1_5	RRh17	aIL10+aPD1	5	-7	253.36374002280502
RIb17_aIL10+aPD1_5	RIb17	aIL10+aPD1	5	-7	267.9589509692132
34918_aIL10+aPD1_5	34918	aIL10+aPD1	5	-7	866.563025210084
RBf17_aIL10+aPD1_5	RBf17	aIL10+aPD1	5	-7	101.52100840336134
RBv17_aIL10+aPD1_5	RBv17	aIL10+aPD1	5	-7	220.1764705882353
RKq17_aIL10+aPD1_5	RKq17	aIL10+aPD1	5	-7	534.4621848739496
RWs17_aIL10+aPD1_5	RWs17	aIL10+aPD1	5	-7	423.8739495798319
RYk17_aIL10_8	RYk17	aIL10	8	-4	477.7651083238312
RHm17_aIL10_8	RHm17	aIL10	8	-4	251.72177879133412
34897_aIL10_8	34897	aIL10	8	-4	660.3876852907639
RFn17_aIL10_8	RFn17	aIL10	8	-4	51.037628278221206
RVm17_aIL10_8	RVm17	aIL10	8	-4	105.76966932725199
RVc17_aIL10_8	RVc17	aIL10	8	-4	202.36134453781514
34920_aIL10_8	34920	aIL10	8	-4	509.25210084033614
34930_aIL10_8	34930	aIL10	8	-4	497.48739495798316
RGr17_aIL10_8	RGr17	aIL10	8	-4	201.68907563025212
RZp17_aIL10_8	RZp17	aIL10	8	-4	251.43697478991598
RFl17_aIL10+aPD1_8	RFl17	aIL10+aPD1	8	-4	191.69897377423035
RYm17_aIL10+aPD1_8	RYm17	aIL10+aPD1	8	-4	695.5986316989738
RNy16_aIL10+aPD1_8	RNy16	aIL10+aPD1	8	-4	397.30900798175594
RRh17_aIL10+aPD1_8	RRh17	aIL10+aPD1	8	-4	223.80843785632837
RIb17_aIL10+aPD1_8	RIb17	aIL10+aPD1	8	-4	204.10490307867732
34918_aIL10+aPD1_8	34918	aIL10+aPD1	8	-4	379.16806722689074
RBf17_aIL10+aPD1_8	RBf17	aIL10+aPD1	8	-4	237.99159663865544
RBv17_aIL10+aPD1_8	RBv17	aIL10+aPD1	8	-4	363.70588235294116
RKq17_aIL10+aPD1_8	RKq17	aIL10+aPD1	8	-4	296.8151260504202
RWs17_aIL10+aPD1_8	RWs17	aIL10+aPD1	8	-4	648.4117647058824
RYk17_aIL10_9	RYk17	aIL10	9	-3	618.6088939566705
RYk17_aIL10_9	RYk17	aIL10	9	-3	488.1641961231471
RHm17_aIL10_9	RHm17	aIL10	9	-3	235.84948688711518
RHm17_aIL10_9	RHm17	aIL10	9	-3	328.8939566704675
34897_aIL10_9	34897	aIL10	9	-3	567.5256556442417
34897_aIL10_9	34897	aIL10	9	-3	665.678449258837
RFn17_aIL10_9	RFn17	aIL10	9	-3	1235.8038768529077
RFn17_aIL10_9	RFn17	aIL10	9	-3	959.5895096921323
RVm17_aIL10_9	RVm17	aIL10	9	-3	261.7559863169897
RVm17_aIL10_9	RVm17	aIL10	9	-3	242.05245153933868
RVc17_aIL10_9	RVc17	aIL10	9	-3	310.0196248196248
34920_aIL10_9	34920	aIL10	9	-3	735.6088504088505
34930_aIL10_9	34930	aIL10	9	-3	395.4453102453102
RGr17_aIL10_9	RGr17	aIL10	9	-3	223.43953823953825
RZp17_aIL10_9	RZp17	aIL10	9	-3	209.5867243867244
RFl17_aIL10+aPD1_9	RFl17	aIL10+aPD1	9	-3	497.6510832383124
RFl17_aIL10+aPD1_9	RFl17	aIL10+aPD1	9	-3	602.7366020524515
RYm17_aIL10+aPD1_9	RYm17	aIL10+aPD1	9	-3	1526.431014823261
RYm17_aIL10+aPD1_9	RYm17	aIL10+aPD1	9	-3	1292.3603192702396
RNy16_aIL10+aPD1_9	RNy16	aIL10+aPD1	9	-3	1296.5564424173317
RNy16_aIL10+aPD1_9	RNy16	aIL10+aPD1	9	-3	888.9851767388825
RRh17_aIL10+aPD1_9	RRh17	aIL10+aPD1	9	-3	813.8198403648802
RRh17_aIL10+aPD1_9	RRh17	aIL10+aPD1	9	-3	974.7320410490307
RIb17_aIL10+aPD1_9	RIb17	aIL10+aPD1	9	-3	505.31356898517674
RIb17_aIL10+aPD1_9	RIb17	aIL10+aPD1	9	-3	627.1835803876853
34918_aIL10+aPD1_9	34918	aIL10+aPD1	9	-3	2123.968638768639
RBf17_aIL10+aPD1_9	RBf17	aIL10+aPD1	9	-3	359.27407407407406
RBv17_aIL10+aPD1_9	RBv17	aIL10+aPD1	9	-3	409.29812409812416
RKq17_aIL10+aPD1_9	RKq17	aIL10+aPD1	9	-3	655.1855699855698
RWs17_aIL10+aPD1_9	RWs17	aIL10+aPD1	9	-3	1301.2654160654163
RYk17_aIL10_11	RYk17	aIL10	11	-1	380.70695553021665
RHm17_aIL10_11	RHm17	aIL10	11	-1	598.358038768529
34897_aIL10_11	34897	aIL10	11	-1	998.4492588369442
RFn17_aIL10_11	RFn17	aIL10	11	-1	204.46978335233752
RVm17_aIL10_11	RVm17	aIL10	11	-1	178.56328392246294
RVc17_aIL10_11	RVc17	aIL10	11	-1	236.9075517075517
34920_aIL10_11	34920	aIL10	11	-1	629.7887445887445
34930_aIL10_11	34930	aIL10	11	-1	468.5573833573834
RGr17_aIL10_11	RGr17	aIL10	11	-1	144.170658970659
RZp17_aIL10_11	RZp17	aIL10	11	-1	241.52515632515633
RFl17_aIL10+aPD1_11	RFl17	aIL10+aPD1	11	-1	263.21550741163054
RYm17_aIL10+aPD1_11	RYm17	aIL10+aPD1	11	-1	2014.2759407069557
RNy16_aIL10+aPD1_11	RNy16	aIL10+aPD1	11	-1	1785.1311288483466
RRh17_aIL10+aPD1_11	RRh17	aIL10+aPD1	11	-1	563.5119726339794
RIb17_aIL10+aPD1_11	RIb17	aIL10+aPD1	11	-1	499.47548460661346
34918_aIL10+aPD1_11	34918	aIL10+aPD1	11	-1	1093.0884078884078
RBf17_aIL10+aPD1_11	RBf17	aIL10+aPD1	11	-1	650.9527657527657
RBv17_aIL10+aPD1_11	RBv17	aIL10+aPD1	11	-1	430.0773448773449
RKq17_aIL10+aPD1_11	RKq17	aIL10+aPD1	11	-1	521.6598364598365
RWs17_aIL10+aPD1_11	RWs17	aIL10+aPD1	11	-1	1298.9566137566137
RYk17_aIL10_12	RYk17	aIL10	12	0	544.5381984036488
RHm17_aIL10_12	RHm17	aIL10	12	0	295.87229190421897
34897_aIL10_12	34897	aIL10	12	0	548.1870011402508
RFn17_aIL10_12	RFn17	aIL10	12	0	200.82098061573546
RVm17_aIL10_12	RVm17	aIL10	12	0	338.0159635119726
RVc17_aIL10_12	RVc17	aIL10	12	0	488.56700336700334
34920_aIL10_12	34920	aIL10	12	0	452.0109668109668
34930_aIL10_12	34930	aIL10	12	0	555.9070707070707
RGr17_aIL10_12	RGr17	aIL10	12	0	258.84117364117367
RZp17_aIL10_12	RZp17	aIL10	12	0	509.73102453102456
RFl17_aIL10+aPD1_12	RFl17	aIL10+aPD1	12	0	216.6932725199544
RYm17_aIL10+aPD1_12	RYm17	aIL10+aPD1	12	0	2868.4606613454957
RNy16_aIL10+aPD1_12	RNy16	aIL10+aPD1	12	0	1040.0456100342076
RRh17_aIL10+aPD1_12	RRh17	aIL10+aPD1	12	0	543.6259977194983
RIb17_aIL10+aPD1_12	RIb17	aIL10+aPD1	12	0	604.5610034207526
34918_aIL10+aPD1_12	34918	aIL10+aPD1	12	0	1191.9821067821067
RBf17_aIL10+aPD1_12	RBf17	aIL10+aPD1	12	0	290.01000481000483
RBv17_aIL10+aPD1_12	RBv17	aIL10+aPD1	12	0	521.6598364598365
RKq17_aIL10+aPD1_12	RKq17	aIL10+aPD1	12	0	1441.7175565175567
RWs17_aIL10+aPD1_12	RWs17	aIL10+aPD1	12	0	1585.2481000481
RYk17_aIL10_14	RYk17	aIL10	14	2	442.7618243243244
RHm17_aIL10_14	RHm17	aIL10	14	2	911.0050675675676
34897_aIL10_14	34897	aIL10	14	2	760.6672297297297
RFn17_aIL10_14	RFn17	aIL10	14	2	488.70777027027026
RVm17_aIL10_14	RVm17	aIL10	14	2	338.70777027027026
RVc17_aIL10_14	RVc17	aIL10	14	2	637.8695526695526
34920_aIL10_14	34920	aIL10	14	2	1508.2880230880232
34930_aIL10_14	34930	aIL10	14	2	1990.8277056277057
RGr17_aIL10_14	RGr17	aIL10	14	2	178.4178932178932
RZp17_aIL10_14	RZp17	aIL10	14	2	348.88446368446364
RFl17_aIL10+aPD1_14	RFl17	aIL10+aPD1	14	2	1563.3699324324325
RYm17_aIL10+aPD1_14	RYm17	aIL10+aPD1	14	2	1626.8834459459458
RNy16_aIL10+aPD1_14	RNy16	aIL10+aPD1	14	2	1770.8023648648648
RRh17_aIL10+aPD1_14	RRh17	aIL10+aPD1	14	2	359.3158783783784
RIb17_aIL10+aPD1_14	RIb17	aIL10+aPD1	14	2	1725.8699324324325
34918_aIL10+aPD1_14	34918	aIL10+aPD1	14	2	5816.5131313131315
RBf17_aIL10+aPD1_14	RBf17	aIL10+aPD1	14	2	1529.0672438672439
RBv17_aIL10+aPD1_14	RBv17	aIL10+aPD1	14	2	587.0759018759019
RKq17_aIL10+aPD1_14	RKq17	aIL10+aPD1	14	2	896.0706108706108
RWs17_aIL10+aPD1_14	RWs17	aIL10+aPD1	14	2	4654.800769600769
RYk17_aIL10_15	RYk17	aIL10	15	3	1231.275337837838
RHm17_aIL10_15	RHm17	aIL10	15	3	1403.5726351351352
34897_aIL10_15	34897	aIL10	15	3	1575.8699324324325
RFn17_aIL10_15	RFn17	aIL10	15	3	443.4375
RVm17_aIL10_15	RVm17	aIL10	15	3	1026.5456081081081
RVc17_aIL10_15	RVc17	aIL10	15	3	2738.8796536796535
34920_aIL10_15	34920	aIL10	15	3	652.1071669071669
34930_aIL10_15	34930	aIL10	15	3	990.3467051467051
RGr17_aIL10_15	RGr17	aIL10	15	3	578.6102934102935
RZp17_aIL10_15	RZp17	aIL10	15	3	186.4987012987013
RFl17_aIL10+aPD1_15	RFl17	aIL10+aPD1	15	3	1180.9375
RYm17_aIL10+aPD1_15	RYm17	aIL10+aPD1	15	3	6595.802364864865
RNy16_aIL10+aPD1_15	RNy16	aIL10+aPD1	15	3	4756.275337837838
RRh17_aIL10+aPD1_15	RRh17	aIL10+aPD1	15	3	1210.6672297297296
RIb17_aIL10+aPD1_15	RIb17	aIL10+aPD1	15	3	3575.532094594595
34918_aIL10+aPD1_15	34918	aIL10+aPD1	15	3	10645.75796055796
RBf17_aIL10+aPD1_15	RBf17	aIL10+aPD1	15	3	8075.29139009139
RBv17_aIL10+aPD1_15	RBv17	aIL10+aPD1	15	3	2379.476094276094
RKq17_aIL10+aPD1_15	RKq17	aIL10+aPD1	15	3	11405.73872053872
RWs17_aIL10+aPD1_15	RWs17	aIL10+aPD1	15	3	8085.296200096201
RYk17_aIL10_17	RYk17	aIL10	17	5	447.49155405405406
RHm17_aIL10_17	RHm17	aIL10	17	5	1169.7888513513512
34897_aIL10_17	34897	aIL10	17	5	907.2888513513512
RFn17_aIL10_17	RFn17	aIL10	17	5	385.66722972972974
RVm17_aIL10_17	RVm17	aIL10	17	5	491.41047297297297
RVc17_aIL10_17	RVc17	aIL10	17	5	3236.0417508417504
34920_aIL10_17	34920	aIL10	17	5	1362.0638768638769
34930_aIL10_17	34930	aIL10	17	5	1498.283213083213
RGr17_aIL10_17	RGr17	aIL10	17	5	380.0532948532948
RZp17_aIL10_17	RZp17	aIL10	17	5	308.86522366522365
RFl17_aIL10+aPD1_17	RFl17	aIL10+aPD1	17	5	381.2753378378378
RYm17_aIL10+aPD1_17	RYm17	aIL10+aPD1	17	5	2470.802364864865
RNy16_aIL10+aPD1_17	RNy16	aIL10+aPD1	17	5	4764.045608108108
RRh17_aIL10+aPD1_17	RRh17	aIL10+aPD1	17	5	370.46452702702703
RIb17_aIL10+aPD1_17	RIb17	aIL10+aPD1	17	5	6069.451013513513
34918_aIL10+aPD1_17	34918	aIL10+aPD1	17	5	3852.491967291967
RBf17_aIL10+aPD1_17	RBf17	aIL10+aPD1	17	5	793.7137085137084
RBv17_aIL10+aPD1_17	RBv17	aIL10+aPD1	17	5	2603.814718614718
RKq17_aIL10+aPD1_17	RKq17	aIL10+aPD1	17	5	3622.381337181337
RWs17_aIL10+aPD1_17	RWs17	aIL10+aPD1	17	5	2138.206253006253
RYk17_aIL10_18	RYk17	aIL10	18	6	639.0456081081081
RHm17_aIL10_18	RHm17	aIL10	18	6	575.8699324324324
34897_aIL10_18	34897	aIL10	18	6	2408.978040540541
RFn17_aIL10_18	RFn17	aIL10	18	6	257.96452702702703
RVm17_aIL10_18	RVm17	aIL10	18	6	313.70777027027026
RVc17_aIL10_18	RVc17	aIL10	18	6	1787.268302068302
34920_aIL10_18	34920	aIL10	18	6	2708.8652236652233
34930_aIL10_18	34930	aIL10	18	6	5225.844540644541
RGr17_aIL10_18	RGr17	aIL10	18	6	426.9989417989418
RZp17_aIL10_18	RZp17	aIL10	18	6	185.72910052910055
RFl17_aIL10+aPD1_18	RFl17	aIL10+aPD1	18	6	1051.883445945946
RYm17_aIL10+aPD1_18	RYm17	aIL10+aPD1	18	6	3697.8293918918916
RNy16_aIL10+aPD1_18	RNy16	aIL10+aPD1	18	6	2110.329391891892
RRh17_aIL10+aPD1_18	RRh17	aIL10+aPD1	18	6	740.3969594594595
RIb17_aIL10+aPD1_18	RIb17	aIL10+aPD1	18	6	2183.302364864865
34918_aIL10+aPD1_18	34918	aIL10+aPD1	18	6	6673.848388648389
RBf17_aIL10+aPD1_18	RBf17	aIL10+aPD1	18	6	594.0023088023088
RBv17_aIL10+aPD1_18	RBv17	aIL10+aPD1	18	6	684.0455988455988
RKq17_aIL10+aPD1_18	RKq17	aIL10+aPD1	18	6	1746.4794612794615
RWs17_aIL10+aPD1_18	RWs17	aIL10+aPD1	18	6	3032.0975468975466
RYk17_aIL10_20	RYk17	aIL10	20	8	1649.518581081081
RHm17_aIL10_20	RHm17	aIL10	20	8	1881.2753378378377
34897_aIL10_20	34897	aIL10	20	8	2281.613175675676
RFn17_aIL10_20	RFn17	aIL10	20	8	443.7753378378378
RVm17_aIL10_20	RVm17	aIL10	20	8	355.9375
RVc17_aIL10_20	RVc17	aIL10	20	8	266.9219817219817
34920_aIL10_20	34920	aIL10	20	8	1335.8974506974507
34930_aIL10_20	34930	aIL10	20	8	1488.6632034632034
RZp17_aIL10_20	RZp17	aIL10	20	8	404.6805194805195
RFl17_aIL10+aPD1_20	RFl17	aIL10+aPD1	20	8	1386.0050675675675
RYm17_aIL10+aPD1_20	RYm17	aIL10+aPD1	20	8	11065.734797297298
RNy16_aIL10+aPD1_20	RNy16	aIL10+aPD1	20	8	2141.410472972973
RRh17_aIL10+aPD1_20	RRh17	aIL10+aPD1	20	8	308.9780405405405
RIb17_aIL10+aPD1_20	RIb17	aIL10+aPD1	20	8	1907.964527027027
34918_aIL10+aPD1_20	34918	aIL10+aPD1	20	8	1759.9474747474746
RBf17_aIL10+aPD1_20	RBf17	aIL10+aPD1	20	8	1029.5963443963442
RBv17_aIL10+aPD1_20	RBv17	aIL10+aPD1	20	8	1716.0802308802308
RKq17_aIL10+aPD1_20	RKq17	aIL10+aPD1	20	8	1124.6420394420395
RWs17_aIL10+aPD1_20	RWs17	aIL10+aPD1	20	8	6066.248581048581
RYk17_aIL10_21	RYk17	aIL10	21	9	944.1131756756756
RHm17_aIL10_21	RHm17	aIL10	21	9	2939.383445945946
34897_aIL10_21	34897	aIL10	21	9	6738.032094594595
RFn17_aIL10_21	RFn17	aIL10	21	9	456.95101351351354
RVm17_aIL10_21	RVm17	aIL10	21	9	227.2212837837838
RVc17_aIL10_21	RVc17	aIL10	21	9	237.61925601750548
34920_aIL10_21	34920	aIL10	21	9	1871.929978118162
34930_aIL10_21	34930	aIL10	21	9	1574.3369803063456
RZp17_aIL10_21	RZp17	aIL10	21	9	366.8096280087527
RFl17_aIL10+aPD1_21	RFl17	aIL10+aPD1	21	9	721.1402027027027
RYm17_aIL10+aPD1_21	RYm17	aIL10+aPD1	21	9	7660.329391891892
RNy16_aIL10+aPD1_21	RNy16	aIL10+aPD1	21	9	7089.721283783783
RRh17_aIL10+aPD1_21	RRh17	aIL10+aPD1	21	9	525.5320945945946
RIb17_aIL10+aPD1_21	RIb17	aIL10+aPD1	21	9	1755.9375
34918_aIL10+aPD1_21	34918	aIL10+aPD1	21	9	2489.144203944204
RBf17_aIL10+aPD1_21	RBf17	aIL10+aPD1	21	9	891.9737417943106
RBv17_aIL10+aPD1_21	RBv17	aIL10+aPD1	21	9	1147.9037199124728
RKq17_aIL10+aPD1_21	RKq17	aIL10+aPD1	21	9	1135.6498905908095
RWs17_aIL10+aPD1_21	RWs17	aIL10+aPD1	21	9	3685.8468271334796
RFl17_aIL10+aPD1_23	RFl17	aIL10+aPD1	23	11	907.9645270270271
RYm17_aIL10+aPD1_23	RYm17	aIL10+aPD1	23	11	2156.613175675676
RNy16_aIL10+aPD1_23	RNy16	aIL10+aPD1	23	11	2995.464527027027
RRh17_aIL10+aPD1_23	RRh17	aIL10+aPD1	23	11	747.1537162162163
RIb17_aIL10+aPD1_23	RIb17	aIL10+aPD1	23	11	1461.3429054054054
34918_aIL10+aPD1_23	34918	aIL10+aPD1	23	11	2088.297592997812
RBf17_aIL10+aPD1_23	RBf17	aIL10+aPD1	23	11	1730.4857768052516
RBv17_aIL10+aPD1_23	RBv17	aIL10+aPD1	23	11	966.5470459518599
RKq17_aIL10+aPD1_23	RKq17	aIL10+aPD1	23	11	1845.671772428884
RWs17_aIL10+aPD1_23	RWs17	aIL10+aPD1	23	11	5053.374179431072
RYk17_aIL10_24	RYk17	aIL10	24	12	1424.1807432432433
RHm17_aIL10_24	RHm17	aIL10	24	12	972.8293918918919
34897_aIL10_24	34897	aIL10	24	12	1298.5050675675675
RFn17_aIL10_24	RFn17	aIL10	24	12	633.6402027027027
RVm17_aIL10_24	RVm17	aIL10	24	12	310.66722972972974
RVc17_aIL10_24	RVc17	aIL10	24	12	773.2866520787746
34920_aIL10_24	34920	aIL10	24	12	1495.9124726477023
34930_aIL10_24	34930	aIL10	24	12	1501.164113785558
RZp17_aIL10_24	RZp17	aIL10	24	12	222.91466083150988
RFl17_aIL10+aPD1_24	RFl17	aIL10+aPD1	24	12	1024.1807432432433
RYm17_aIL10+aPD1_24	RYm17	aIL10+aPD1	24	12	3548.5050675675675
RNy16_aIL10+aPD1_24	RNy16	aIL10+aPD1	24	12	2311.0050675675675
RRh17_aIL10+aPD1_24	RRh17	aIL10+aPD1	24	12	588.0320945945946
RIb17_aIL10+aPD1_24	RIb17	aIL10+aPD1	24	12	956.2753378378379
34918_aIL10+aPD1_24	34918	aIL10+aPD1	24	12	2159.019693654267
RBf17_aIL10+aPD1_24	RBf17	aIL10+aPD1	24	12	1241.382932166302
RBv17_aIL10+aPD1_24	RBv17	aIL10+aPD1	24	12	1043.2210065645515
RKq17_aIL10+aPD1_24	RKq17	aIL10+aPD1	24	12	1737.487964989059
RWs17_aIL10+aPD1_24	RWs17	aIL10+aPD1	24	12	2421.2516411378556
RFl17_aIL10+aPD1_26	RFl17	aIL10+aPD1	26	14	424.1807432432432
RYm17_aIL10+aPD1_26	RYm17	aIL10+aPD1	26	14	2969.1131756756754
RNy16_aIL10+aPD1_26	RNy16	aIL10+aPD1	26	14	2629.248310810811
RRh17_aIL10+aPD1_26	RRh17	aIL10+aPD1	26	14	298.5050675675676
RIb17_aIL10+aPD1_26	RIb17	aIL10+aPD1	26	14	872.8293918918919
34918_aIL10+aPD1_26	34918	aIL10+aPD1	26	14	1376.1750547045951
RBf17_aIL10+aPD1_26	RBf17	aIL10+aPD1	26	14	1260.6389496717725
RBv17_aIL10+aPD1_26	RBv17	aIL10+aPD1	26	14	1022.5645514223195
RKq17_aIL10+aPD1_26	RKq17	aIL10+aPD1	26	14	823.3522975929977
RWs17_aIL10+aPD1_26	RWs17	aIL10+aPD1	26	14	4073.7680525164114
RYk17_aIL10_28	RYk17	aIL10	28	16	635.9747899159664
RHm17_aIL10_28	RHm17	aIL10	28	16	553.9579831932773
34897_aIL10_28	34897	aIL10	28	16	1307.235294117647
RFn17_aIL10_28	RFn17	aIL10	28	16	386.56302521008405
RVm17_aIL10_28	RVm17	aIL10	28	16	149.25210084033614
RVc17_aIL10_28	RVc17	aIL10	28	16	591.9299781181619
34920_aIL10_28	34920	aIL10	28	16	710.617067833698
34930_aIL10_28	34930	aIL10	28	16	560.7702407002189
RZp17_aIL10_28	RZp17	aIL10	28	16	483.04595185995623
RFl17_aIL10+aPD1_28	RFl17	aIL10+aPD1	28	16	876.983193277311
RYm17_aIL10+aPD1_28	RYm17	aIL10+aPD1	28	16	1943.8739495798318
RNy16_aIL10+aPD1_28	RNy16	aIL10+aPD1	28	16	2368.075630252101
RRh17_aIL10+aPD1_28	RRh17	aIL10+aPD1	28	16	259.16806722689074
RIb17_aIL10+aPD1_28	RIb17	aIL10+aPD1	28	16	921.3529411764706
34918_aIL10+aPD1_28	34918	aIL10+aPD1	28	16	2723.0459518599564
RBf17_aIL10+aPD1_28	RBf17	aIL10+aPD1	28	16	1265.890590809628
RBv17_aIL10+aPD1_28	RBv17	aIL10+aPD1	28	16	2222.039387308534
RKq17_aIL10+aPD1_28	RKq17	aIL10+aPD1	28	16	1812.4113785557986
RWs17_aIL10+aPD1_28	RWs17	aIL10+aPD1	28	16	2601.5579868708974
RFl17_aIL10+aPD1_30	RFl17	aIL10+aPD1	30	18	457.48739495798316
RYm17_aIL10+aPD1_30	RYm17	aIL10+aPD1	30	18	3174.126050420168
RNy16_aIL10+aPD1_30	RNy16	aIL10+aPD1	30	18	1729.4201680672268
RRh17_aIL10+aPD1_30	RRh17	aIL10+aPD1	30	18	143.2016806722689
RIb17_aIL10+aPD1_30	RIb17	aIL10+aPD1	30	18	777.4873949579832
34918_aIL10+aPD1_30	34918	aIL10+aPD1	30	18	2093.199124726477
RBf17_aIL10+aPD1_30	RBf17	aIL10+aPD1	30	18	595.781181619256
RBv17_aIL10+aPD1_30	RBv17	aIL10+aPD1	30	18	1168.5601750547046
RKq17_aIL10+aPD1_30	RKq17	aIL10+aPD1	30	18	216.96280087527353
RWs17_aIL10+aPD1_30	RWs17	aIL10+aPD1	30	18	8573.024070021882
RFl17_aIL10+aPD1_34	RFl17	aIL10+aPD1	34	22	326.0588235294118
RYm17_aIL10+aPD1_34	RYm17	aIL10+aPD1	34	22	814.1260504201681
RNy16_aIL10+aPD1_34	RNy16	aIL10+aPD1	34	22	860.5126050420167
RRh17_aIL10+aPD1_34	RRh17	aIL10+aPD1	34	22	57.8235294117647
RIb17_aIL10+aPD1_34	RIb17	aIL10+aPD1	34	22	703.5378151260504
