feature	ref.group	term	estimate	std.error	statistic	p.value	p.value.adj	WkPost.TX
wk12_LN_CD3p_CD4p_notToxpIRF4p_MFI_BCL2	aIL10+aPD1	groupaIL10	369.87036095577014	108.78414043063134	3.400039376067197	0.0031912309632026	0.00774403248012627	12
wk12_LN_CD3p_CD4p_notToxpIRF4p_MFI_BCL2	aIL10+aPD1	groupControl	394.3640061006608	112.81454015465106	3.49568420489105	0.00258134416004209	0.00774403248012627	12
wk12_LN_CD3p_CD4p_TCM_IRF4nTCF1nTOXp	aIL10+aPD1	groupaIL10	-0.59660396542959	0.4475826639252318	-1.3329469917298944	0.1991762253458933	0.1991762253458933	12
wk12_LN_CD3p_CD4p_TCM_IRF4nTCF1nTOXp	aIL10+aPD1	groupControl	-1.2242806304016272	0.46416538488087133	-2.637595715406138	0.01672125406486775	0.0334425081297355	12
wk12_LN_CD3p_CD4p_TCM_notToxpIRF4p_MFI_BCL2	aIL10+aPD1	groupaIL10	243.78393492628388	99.01770887272926	2.4620235885242248	0.02413597215801565	0.0482719443160313	12
wk12_LN_CD3p_CD4p_TCM_notToxpIRF4p_MFI_BCL2	aIL10+aPD1	groupControl	311.94001016776815	102.6862670369425	3.037796768437832	0.0070783071418544	0.02123492142556322	12
wk12_LN_CD3p_CD8p_TOXpIRF4p_MFI_KI67	aIL10+aPD1	groupaIL10	-30.475648195221194	9.744904339268752	-3.127341955776249	0.00582032808335519	0.01746098425006557	12
wk12_LN_CD3p_CD8p_TOXpIRF4p_MFI_KI67	aIL10+aPD1	groupControl	-28.938179969496705	10.105948326049456	-2.863479906670867	0.01032766407921623	0.02065532815843246	12
wk12_PBMC_CD3p_CD4p_TCM_IRF4pTCF1nTOXn	aIL10+aPD1	groupaIL10	-1.3850000000000002	0.5565751296994865	-2.488433144233031	0.02016632981192955	0.04033265962385911	12
wk12_PBMC_CD3p_CD4p_TCM_IRF4pTCF1nTOXn	aIL10+aPD1	groupControl	-2.2385	0.5903370726754334	-3.7919014468378553	8.899500736638891e-4	0.00266985022099166	12
wk12_PBMC_CD3p_CD4p_TCM_notToxpIRF4p_MFI_BCL2	aIL10+aPD1	groupaIL10	483.8999999999998	175.67217354926711	2.7545626050120595	0.01103102210495568	0.02206204420991137	12
wk12_PBMC_CD3p_CD4p_TCM_notToxpIRF4p_MFI_BCL2	aIL10+aPD1	groupControl	680.65	186.3284777737002	3.652957444468921	0.0012599414414354	0.0037798243243062	12
wk12_PBMC_CD3p_CD8p_TCF1nCD101p_GRZBnTBETp_MFI_BCL2	aIL10+aPD1	groupaIL10	618.9999999999995	623.0265772721584	0.9935370698152416	0.3312510698346195	0.662502139669239	12
wk12_PBMC_CD3p_CD8p_TCF1nCD101p_GRZBnTBETp_MFI_BCL2	aIL10+aPD1	groupControl	2120.5862068965516	642.8520860362304	3.298715603416488	0.00327202738679417	0.01308810954717668	12
wk12_PBMC_CD3p_CD8p_TCF1pCD101p_GRZBpTBETp_MFI_BCL2	aIL10+aPD1	groupaIL10	311.3999999999998	342.0321028862086	0.9104408544469296	0.37164382719331435	0.37164382719331435	12
wk12_PBMC_CD3p_CD8p_TCF1pCD101p_GRZBpTBETp_MFI_BCL2	aIL10+aPD1	groupControl	1001.9500000000004	362.7798290014994	2.7618679978920744	0.01084639914412443	0.02763458398964794	12
wk12_PBMC_CD3p_CD8p_TCF1nCD101n_MFI_KI67	aIL10+aPD1	groupaIL10	-19.620000000000015	9.65681951240874	-2.0317248318443633	0.05339422608804344	0.10678845217608687	12
wk12_PBMC_CD3p_CD8p_TCF1nCD101n_MFI_KI67	aIL10+aPD1	groupControl	-27.994999999999997	10.24260384287818	-2.7331917185750862	0.01158828810503427	0.03476486431510282	12
wk12_LN_CD3p_CD4p_notToxpIRF4p_MFI_BCL2	Control	groupaIL10	-24.49364514489071	108.57869333427077	-0.22558426881676025	0.8240662314855879	1	12
wk12_LN_CD3p_CD4p_TCM_IRF4nTCF1nTOXp	Control	groupaIL10	0.6276766649720382	0.446737370132214	1.4050238617518709	0.17703769875253725	0.17703769875253725	12
wk12_LN_CD3p_CD4p_TCM_notToxpIRF4p_MFI_BCL2	Control	groupaIL10	-68.15607524148434	98.83070642277973	-0.6896244872512101	0.4992253294185852	0.4992253294185852	12
wk12_LN_CD3p_CD8p_TOXpIRF4p_MFI_KI67	Control	groupaIL10	-1.5374682257244916	9.726500348642093	-0.158070032448941	0.8761614267920346	0.8761614267920346	12
wk12_PBMC_CD3p_CD4p_TCM_IRF4pTCF1nTOXn	Control	groupaIL10	0.8534999999999995	0.5903370726754334	1.4457841790824693	0.16117083051803516	0.3223416610360703	12
wk12_PBMC_CD3p_CD4p_TCM_notToxpIRF4p_MFI_BCL2	Control	groupaIL10	-196.75000000000023	186.3284777737002	-1.0559309148597091	0.3015137902174314	0.6030275804348628	12
wk12_PBMC_CD3p_CD8p_TCF1nCD101p_GRZBnTBETp_MFI_BCL2	Control	groupaIL10	-1501.586206896552	642.8520860362303	-2.3358191402243107	0.02901831797585088	0.05803663595170177	12
wk12_PBMC_CD3p_CD8p_TCF1pCD101p_GRZBpTBETp_MFI_BCL2	Control	groupaIL10	-690.5500000000003	362.77982900149937	-1.9034961284938097	0.06903556542812629	0.06903556542812629	12
wk12_PBMC_CD3p_CD8p_TCF1nCD101n_MFI_KI67	Control	groupaIL10	8.374999999999986	10.24260384287818	0.8176631771054228	0.421593326923939	0.7877810138843566	12
wk21_LN_CD3p_CD4p_TCM_TOXpIRF4p_MFI_CD101	aIL10+aPD1	groupaIL10	-637.2785123966938	235.67779949701912	-2.704024366133621	0.012662761222577529	0.03798828366773259	21
wk21_LN_CD3p_CD4p_TCM_TOXpIRF4p_MFI_CD101	aIL10+aPD1	groupControl	-478.0750000000001	243.0427307313011	-1.967040933754739	0.06135566078965108	0.06135566078965108	21
wk21_LN_CD3p_CD4p_TCM_TOXpIRF4p_MFI_TCF1	aIL10+aPD1	groupaIL10	1251.7115702479327	539.687313477971	2.319327393822507	0.02961130209739241	0.05922260419478482	21
wk21_LN_CD3p_CD4p_TCM_TOXpIRF4p_MFI_TCF1	aIL10+aPD1	groupControl	2490.7250000000004	556.5525420241579	4.475273782671694	1.7216837244886306e-4	5.165051173465892e-4	21
wk21_LN_CD3p_CD4p_TEM_IRF4nTCF1nTOXp	aIL10+aPD1	groupaIL10	3.7466363636363607	1.6339762927693822	2.292956378997573	0.0313265182807887	0.0626530365615774	21
wk21_LN_CD3p_CD4p_TEM_IRF4nTCF1nTOXp	aIL10+aPD1	groupControl	5.06675	1.6850380519184265	3.006905389603204	0.0062875361273677	0.01886260838210312	21
wk21_LN_CD3p_CD4p_TOXpIRF4p_MFI_CD101	aIL10+aPD1	groupaIL10	-633.361157024793	211.8612696573532	-2.989508927465311	0.00654959191754723	0.01964877575264171	21
wk21_LN_CD3p_CD4p_TOXpIRF4p_MFI_CD101	aIL10+aPD1	groupControl	-491.3250000000001	218.48193433414556	-2.248812935025416	0.03440199908048051	0.06880399816096103	21
wk21_LN_CD3p_CD8p_Naive	aIL10+aPD1	groupaIL10	-8.517892561983464	4.591405255057625	-1.8551820387888107	0.07643290911234821	0.07643290911234821	21
wk21_LN_CD3p_CD8p_Naive	aIL10+aPD1	groupControl	-13.083750000000007	4.734886669278178	-2.763265715501189	0.0110635794831962	0.03319073844958861	21
wk21_LN_CD3p_CD8p_TCF1nCD101p_MFI_ID2	aIL10+aPD1	groupaIL10	-88.45702479338838	40.55676022621043	-2.1810673313156226	0.03965887233048652	0.07931774466097305	21
wk21_LN_CD3p_CD8p_TCF1nCD101p_MFI_ID2	aIL10+aPD1	groupControl	-114.17500000000004	41.82415898327954	-2.729881551130411	0.01193962633951617	0.03581887901854851	21
wk21_LN_CD3p_CD8p_TCF1nCD101p_MFI_IRF4	aIL10+aPD1	groupaIL10	-102.80041322314042	40.129662698917656	-2.561706386480868	0.0174387483184872	0.03487749663697441	21
wk21_LN_CD3p_CD8p_TCF1nCD101p_MFI_IRF4	aIL10+aPD1	groupControl	-87.62250000000002	41.38371465825885	-2.117318387766174	0.04525826381768733	0.04525826381768733	21
wk21_LN_CD3p_CD8p_TCF1nCD101p_GRZBnTBETp_MFI_CD101	aIL10+aPD1	groupaIL10	-599.4603305785121	250.86267988131596	-2.3895954984699954	0.02545284032057031	0.05090568064114063	21
wk21_LN_CD3p_CD8p_TCF1nCD101p_GRZBnTBETp_MFI_CD101	aIL10+aPD1	groupControl	-763.575	258.7021386276072	-2.9515604472800274	0.00715800941958786	0.02147402825876358	21
wk21_LN_CD3p_CD8p_TCF1nCD101p_GRZBnTBETp_MFI_ID2	aIL10+aPD1	groupaIL10	-108.00165289256194	49.99655683318665	-2.160181815177975	0.04142037086310259	0.08284074172620519	21
wk21_LN_CD3p_CD8p_TCF1nCD101p_GRZBnTBETp_MFI_ID2	aIL10+aPD1	groupControl	-134.70000000000005	51.55894923422377	-2.612543544828275	0.01556619937440549	0.04669859812321648	21
wk21_LN_CD3p_CD8p_TCF1nCD101p_GRZBnTBETp_MFI_IRF4	aIL10+aPD1	groupaIL10	-106.36966942148752	43.552371329444426	-2.4423393302025382	0.02269275423231678	0.04538550846463357	21
wk21_LN_CD3p_CD8p_TCF1nCD101p_GRZBnTBETp_MFI_IRF4	aIL10+aPD1	groupControl	-100.92750000000002	44.913382933489594	-2.2471587176913275	0.03452242339333254	0.04538550846463357	21
wk21_LN_CD3p_CD8p_TCF1nCD101p_GRZBpTBETp_MFI_BCL2	aIL10+aPD1	groupaIL10	-501.3876033057847	197.6194756552305	-2.53713659366505	0.01841736771743674	0.04488192185710356	21
wk21_LN_CD3p_CD8p_TCF1nCD101p_GRZBpTBETp_MFI_BCL2	aIL10+aPD1	groupControl	-536.0250000000002	203.79508426945657	-2.630215551672833	0.01496064061903451	0.04488192185710356	21
wk21_LN_CD3p_CD8p_TCF1nCD101p_GRZBpTBETp_MFI_KI67	aIL10+aPD1	groupaIL10	52.81322314049587	39.204742699133654	1.3471131170480284	0.19106725713417996	0.3821345142683599	21
wk21_LN_CD3p_CD8p_TCF1nCD101p_GRZBpTBETp_MFI_KI67	aIL10+aPD1	groupControl	117.65000000000002	40.4298909084816	2.9099756975925644	0.00788668898554907	0.02366006695664723	21
wk21_LN_CD3p_CD8p_TCF1nCD101p_GRZBnTBETn_MFI_KI67	aIL10+aPD1	groupaIL10	76.62479338842972	24.920101181786336	3.0748187107857103	0.00535757550987255	0.01607272652961767	21
wk21_LN_CD3p_CD8p_TCF1nCD101p_GRZBnTBETn_MFI_KI67	aIL10+aPD1	groupControl	42.175000000000026	25.698854343717173	1.6411237417792095	0.11437721252907188	0.22875442505814375	21
wk21_LN_CD3p_CD8p_TCFn_TBEThi_CX3CR1pGRZBp_MFI_ID2	aIL10+aPD1	groupaIL10	-50.3652892561983	20.208464891159633	-2.492286748521459	0.02033698502960418	0.03283396338723682	21
wk21_LN_CD3p_CD8p_TCFn_TBEThi_CX3CR1pGRZBp_MFI_ID2	aIL10+aPD1	groupControl	-53.950000000000024	20.839979419008383	-2.588774149689976	0.01641698169361841	0.03283396338723682	21
wk21_PBMC_CD3p_CD4p_TEM_TOXpIRF4p_MFI_CX3CR1	aIL10+aPD1	groupaIL10	56.633999999999986	28.000878377551626	2.022579407559	0.05543877431420407	0.16631632294261223	21
wk21_PBMC_CD3p_CD4p_TEM_TOXpIRF4p_MFI_CX3CR1	aIL10+aPD1	groupControl	83.11649999999999	27.849602941310245	2.9844770201987516	0.00683600001588108	0.02734400006352435	21
wk21_PBMC_CD3p_CD8p_TCF1nCD101p_GRZBnTBETn_MFI_KI67	aIL10+aPD1	groupaIL10	-91.68823529411762	39.0163190746708	-2.3499970645268062	0.02815509155586883	0.05631018311173766	21
wk21_PBMC_CD3p_CD8p_TCF1nCD101p_GRZBnTBETn_MFI_KI67	aIL10+aPD1	groupControl	-123.675	38.80553244830248	-3.1870455627625356	0.00426006891935404	0.01278020675806213	21
wk21_PBMC_CD3p_CD8p_TCF1pCD101p_GRZBnTBETn	aIL10+aPD1	groupaIL10	-20.666274509803912	5.348422393229285	-3.8639944623606985	8.398597709516105e-4	0.00251957931285483	21
wk21_PBMC_CD3p_CD8p_TCF1pCD101p_GRZBnTBETn	aIL10+aPD1	groupControl	-6.905	5.319527409299511	-1.2980476400833638	0.20771540500080168	0.4154308100016033	21
wk21_LN_CD3p_CD4p_TCM_TOXpIRF4p_MFI_CD101	Control	groupaIL10	-159.20351239669415	249.21342828613177	-0.6388239730561642	0.5292483954821359	0.5292483954821359	21
wk21_LN_CD3p_CD4p_TCM_TOXpIRF4p_MFI_TCF1	Control	groupaIL10	-1239.0134297520665	570.6830506794449	-2.171106060144803	0.04049038842838391	0.08098077685676781	21
wk21_LN_CD3p_CD4p_TEM_IRF4nTCF1nTOXp	Control	groupaIL10	-1.320113636363636	1.727820076937167	-0.7640342035518798	0.45261426361604806	0.905228527232096	21
wk21_LN_CD3p_CD4p_TOXpIRF4p_MFI_CD101	Control	groupaIL10	-142.03615702479328	224.02904917240372	-0.6340077661780726	0.5323312322823157	0.5323312322823157	21
wk21_LN_CD3p_CD8p_Naive	Control	groupaIL10	4.565857438016531	4.85510237581094	0.940424544035264	0.35677265148399795	0.35677265148399795	21
wk21_LN_CD3p_CD8p_TCF1nCD101p_MFI_ID2	Control	groupaIL10	25.717975206611587	42.88604729729911	0.5996816407053505	0.5545808315727623	0.5545808315727623	21
wk21_LN_CD3p_CD8p_TCF1nCD101p_MFI_IRF4	Control	groupaIL10	-15.17791322314051	42.43442037606882	-0.35767928697101276	0.7238447981494045	0.7238447981494045	21
wk21_LN_CD3p_CD8p_TCF1nCD101p_GRZBnTBETp_MFI_CD101	Control	groupaIL10	164.11466942148746	265.27041840892576	0.6186693201821608	0.5422135494878841	1	21
wk21_LN_CD3p_CD8p_TCF1nCD101p_GRZBnTBETp_MFI_ID2	Control	groupaIL10	26.698347107438018	52.86799756910692	0.5050001576575509	0.6183634822595078	0.6183634822595078	21
wk21_LN_CD3p_CD8p_TCF1nCD101p_GRZBnTBETp_MFI_IRF4	Control	groupaIL10	-5.442169421487638	46.05370464322738	-0.11817006826372566	0.9069588758199816	0.9069588758199816	21
wk21_LN_CD3p_CD8p_TCF1nCD101p_GRZBpTBETp_MFI_BCL2	Control	groupaIL10	34.63739669421493	208.96930949480745	0.1657535107808528	0.8697993127023527	1	21
wk21_LN_CD3p_CD8p_TCF1nCD101p_GRZBpTBETp_MFI_KI67	Control	groupaIL10	-64.83677685950407	41.45637965891806	-1.563975855898368	0.13147921498787912	0.26295842997575825	21
wk21_LN_CD3p_CD8p_TCF1nCD101p_GRZBnTBETn_MFI_KI67	Control	groupaIL10	34.449793388429775	26.35133161462162	1.3073264718552038	0.2040208394143445	0.408041678828689	21
wk21_LN_CD3p_CD8p_TCFn_TBEThi_CX3CR1pGRZBp_MFI_ID2	Control	groupaIL10	3.5847107438016463	21.369093001861305	0.16775212422396257	0.8682445902925368	0.8682445902925368	21
wk21_PBMC_CD3p_CD4p_TEM_TOXpIRF4p_MFI_CX3CR1	Control	groupaIL10	-26.482500000000012	29.499610342470973	-0.8977237221968594	0.3790527163286907	0.7581054326573815	21
wk21_PBMC_CD3p_CD8p_TCF1nCD101p_GRZBnTBETn_MFI_KI67	Control	groupaIL10	31.98676470588238	41.10464658219574	0.7781788037495808	0.4447528084246376	0.4447528084246376	21
wk21_PBMC_CD3p_CD8p_TCF1pCD101p_GRZBnTBETn	Control	groupaIL10	-13.761274509803927	5.634693827094355	-2.4422399747139782	0.02309265555542572	0.06927796666627717	21
wk36_LN_CD3p_CD4p_Naive_notToxpIRF4p_MFI_CD101	aIL10+aPD1	groupaIL10	-75.01528925619833	24.142469384070647	-3.1071920631985512	0.00496227012077933	0.014886810362338	36
wk36_LN_CD3p_CD4p_Naive_notToxpIRF4p_MFI_CD101	aIL10+aPD1	groupControl	-30.137500000000017	24.896921552322866	-1.2104910214165898	0.23838377311315773	0.23838377311315773	36
wk36_LN_CD3p_CD4p_TCF1p_GRZBp_MFI_GRZB	aIL10+aPD1	groupaIL10	-160.2132231404958	55.29279429143029	-2.897542531420354	0.00811795703525698	0.02435387110577095	36
wk36_LN_CD3p_CD4p_TCF1p_GRZBp_MFI_GRZB	aIL10+aPD1	groupControl	-123.05000000000008	57.02069411303752	-2.1579884621549223	0.04160939926039881	0.08321879852079762	36
wk36_LN_CD3p_CD4p_TCM_notToxpIRF4p_MFI_CD101	aIL10+aPD1	groupaIL10	-226.94545454545457	86.75560601477586	-2.615916883881857	0.01544886017881895	0.04221526254294007	36
wk36_LN_CD3p_CD4p_TCM_notToxpIRF4p_MFI_CD101	aIL10+aPD1	groupControl	-126.02500000000003	89.46671870273765	-1.4086243669976433	0.17232199622529312	0.17232199622529312	36
wk36_LN_CD3p_CD4p_TCM_TOXpIRF4p_MFI_CD101	aIL10+aPD1	groupaIL10	-892.4214876033055	338.4378079879982	-2.636884729010397	0.01473791136378826	0.02947582272757652	36
wk36_LN_CD3p_CD4p_TCM_TOXpIRF4p_MFI_CD101	aIL10+aPD1	groupControl	-584.0000000000001	349.01398948762335	-1.673285362736756	0.1078196793207883	0.1078196793207883	36
wk36_LN_CD3p_CD4p_TEM_IRF4nTCF1nTOXn	aIL10+aPD1	groupaIL10	9.904545454545458	3.016870994933634	3.283052364910068	0.00326047818471244	0.00978143455413733	36
wk36_LN_CD3p_CD4p_TEM_IRF4nTCF1nTOXn	aIL10+aPD1	groupControl	0.13750000000000204	3.111148213525312	0.0441959015010081	0.9651297192539472	0.976568156694586	36
wk36_LN_CD3p_CD4p_TEM_IRF4pTCF1pTOXn	aIL10+aPD1	groupaIL10	-2.444768595041321	0.818480348155313	-2.9869606528138744	0.00658884634639769	0.01976653903919309	36
wk36_LN_CD3p_CD4p_TEM_IRF4pTCF1pTOXn	aIL10+aPD1	groupControl	-0.8632500000000011	0.8440578590351671	-1.0227379447503424	0.3170692510143518	0.3333740108654428	36
wk36_LN_CD3p_CD4p_TEM_notToxpIRF4p_MFI_CD101	aIL10+aPD1	groupaIL10	-121.38685950413216	42.73844061805517	-2.8402266846594157	0.00927021552999432	0.02781064658998296	36
wk36_LN_CD3p_CD4p_TEM_notToxpIRF4p_MFI_CD101	aIL10+aPD1	groupControl	-72.68750000000001	44.074016887369424	-1.649214324751746	0.1126968427351209	0.13998735537729107	36
wk36_LN_CD3p_CD4p_TEM_TCF1n	aIL10+aPD1	groupaIL10	11.937520661157029	4.10860606360769	2.9054916622195983	0.00796936194058984	0.02390808582176952	36
wk36_LN_CD3p_CD4p_TEM_TCF1n	aIL10+aPD1	groupControl	2.090000000000002	4.237000003095433	0.4932735422405255	0.6264963487210263	1	36
wk36_LN_CD3p_CD4p_TEM_TCF1p	aIL10+aPD1	groupaIL10	-11.93752066115701	4.108606063607689	-2.9054916622195948	0.0079693619405899	0.0239080858217697	36
wk36_LN_CD3p_CD4p_TEM_TCF1p	aIL10+aPD1	groupControl	-2.090000000000003	4.237000003095432	-0.49327354224052594	0.626496348721026	1	36
wk36_LN_CD3p_CD8p_IRF4nTCF1nTOXn	aIL10+aPD1	groupaIL10	10.48480991735536	3.7799561403263984	2.773791421942266	0.0108002244321377	0.03240067329641311	36
wk36_LN_CD3p_CD8p_IRF4nTCF1nTOXn	aIL10+aPD1	groupControl	3.1045000000000065	3.8980797697116	0.7964177706475445	0.4339334055696308	0.4339334055696308	36
wk36_LN_CD3p_CD8p_IRF4nTCF1nTOXp	aIL10+aPD1	groupaIL10	3.839429752066114	1.402564647695081	2.737435139532199	0.01173585209280674	0.03520755627842023	36
wk36_LN_CD3p_CD8p_IRF4nTCF1nTOXp	aIL10+aPD1	groupControl	1.3222500000000017	1.4463947929355532	0.914169496777853	0.3701124106599132	0.4133290389981252	36
wk36_LN_CD3p_CD8p_IRF4nTCF1pTOXn	aIL10+aPD1	groupaIL10	-14.109917355371891	4.714808289988588	-2.992681035479821	0.00650104070740075	0.01950312212220227	36
wk36_LN_CD3p_CD8p_IRF4nTCF1pTOXn	aIL10+aPD1	groupControl	-7.875000000000008	4.862146049050734	-1.6196551729534103	0.11893824533344063	0.23787649066688127	36
wk36_LN_CD3p_CD8p_Naive_IRF4nTCF1nTOXn	aIL10+aPD1	groupaIL10	8.87106611570248	2.8627267849301794	3.098816891084785	0.00506175745685968	0.02024702982743874	36
wk36_LN_CD3p_CD8p_Naive_IRF4nTCF1nTOXn	aIL10+aPD1	groupControl	2.425250000000004	2.952186996959249	0.821509613888961	0.41979058066192254	0.8395811613238451	36
wk36_LN_CD3p_CD8p_Naive_IRF4nTCF1nTOXp	aIL10+aPD1	groupaIL10	2.3404049586776865	0.6709393839249217	3.4882509728175064	0.00198405424987625	0.00793621699950502	36
wk36_LN_CD3p_CD8p_Naive_IRF4nTCF1nTOXp	aIL10+aPD1	groupControl	0.6902500000000011	0.6919062396725759	0.9976062657371632	0.3288508575646104	0.6577017151292208	36
wk36_LN_CD3p_CD8p_Naive_notToxpIRF4p_MFI_CD101	aIL10+aPD1	groupaIL10	-60.527462809917346	21.046397258750773	-2.8759061261542493	0.00853590789979873	0.02437095687369165	36
wk36_LN_CD3p_CD8p_Naive_notToxpIRF4p_MFI_CD101	aIL10+aPD1	groupControl	-15.53675	21.704097173086744	-0.7158441042765739	0.4812927349434757	0.4812927349434757	36
wk36_LN_CD3p_CD8p_Naive_TCF1n	aIL10+aPD1	groupaIL10	11.432479338842976	3.562089604237377	3.2094867364490693	0.00388946994238413	0.01555787976953655	36
wk36_LN_CD3p_CD8p_Naive_TCF1n	aIL10+aPD1	groupControl	3.290000000000005	3.673404904369797	0.8956268327747637	0.37973028309559287	0.7594605661911857	36
wk36_LN_CD3p_CD8p_Naive_TCF1p	aIL10+aPD1	groupaIL10	-11.426859504132215	3.559688020351214	-3.210073309459516	0.0038840183213144	0.0116520549639432	36
wk36_LN_CD3p_CD8p_Naive_TCF1p	aIL10+aPD1	groupControl	-3.287500000000008	3.6709282709871913	-0.8955500509183005	0.3797704469109011	0.7595408938218022	36
wk36_LN_CD3p_CD8p_notToxpIRF4p_MFI_TCF1	aIL10+aPD1	groupaIL10	-2681.1256198347087	939.222557472494	-2.8546222601912192	0.00896699068965778	0.02690097206897336	36
wk36_LN_CD3p_CD8p_notToxpIRF4p_MFI_TCF1	aIL10+aPD1	groupControl	-1445.450000000001	968.5732623935102	-1.492349681869234	0.14919827623903803	0.29839655247807606	36
wk36_LN_CD3p_CD8p_TCF1pCD101n	aIL10+aPD1	groupaIL10	-15.803966942148742	5.535375733555084	-2.855084768021461	0.00895740670898685	0.02687222012696056	36
wk36_LN_CD3p_CD8p_TCF1pCD101n	aIL10+aPD1	groupControl	-5.980000000000009	5.708356225228684	-1.047587039780518	0.30571349170603407	0.30571349170603407	36
wk36_LN_CD3p_CD8p_TCF1nCD101n	aIL10+aPD1	groupaIL10	12.449851239669425	4.705846637470698	2.6456134674123124	0.01445110177751884	0.04335330533255652	36
wk36_LN_CD3p_CD8p_TCF1nCD101n	aIL10+aPD1	groupControl	5.252000000000008	4.85290434489166	1.0822385167200854	0.290363033128088	0.2984088134839025	36
wk36_LN_CD3p_CD8p_TCF1n	aIL10+aPD1	groupaIL10	15.282429752066108	5.282029788528613	2.8932873088402733	0.00819858287930344	0.02459574863791032	36
wk36_LN_CD3p_CD8p_TCF1n	aIL10+aPD1	groupControl	5.101500000000004	5.447093219420134	0.93655456121294	0.3587183955170087	0.45068232107499906	36
wk36_LN_CD3p_CD8p_TCF1p	aIL10+aPD1	groupaIL10	-15.283388429752042	5.282208223771141	-2.893371064202526	0.00819698858504324	0.02459096575512972	36
wk36_LN_CD3p_CD8p_TCF1p	aIL10+aPD1	groupControl	-5.102500000000004	5.4472772307639925	-0.9367065019535212	0.3586418690425711	0.4505916072446172	36
wk36_LN_CD3p_CD8p_TCFn	aIL10+aPD1	groupaIL10	15.951818181818178	5.712591057166397	2.792396308818003	0.01034918808703355	0.03104756426110066	36
wk36_LN_CD3p_CD8p_TCFn	aIL10+aPD1	groupControl	5.707500000000008	5.8911095277028505	0.9688327764338072	0.34270708125223626	0.44184110932100024	36
wk36_LN_CD3p_CD8p_TEM_IRF4nTCF1nTOXp	aIL10+aPD1	groupaIL10	4.4300991735537165	1.640658789753222	2.7001953125305627	0.0127732951547465	0.0383198854642395	36
wk36_LN_CD3p_CD8p_TEM_IRF4nTCF1nTOXp	aIL10+aPD1	groupControl	0.3770000000000006	1.691929376933011	0.222822539250069	0.8256405960530346	1	36
wk36_PBMC_CD3p_CD4p_TCM_notToxpIRF4p_MFI_TBET	aIL10+aPD1	groupaIL10	81.16033057851234	31.17665803641177	2.603240234528145	0.01589415203493319	0.02203533969352725	36
wk36_PBMC_CD3p_CD4p_TCM_notToxpIRF4p_MFI_TBET	aIL10+aPD1	groupControl	88.90000000000003	32.15092860004965	2.765083432142695	0.01101766984676362	0.02203533969352725	36
wk36_PBMC_CD3p_CD4p_TCM_TOXpIRF4p_MFI_TBET	aIL10+aPD1	groupaIL10	134.98677685950406	54.59678210467207	2.4724310051956833	0.02124489123035174	0.04248978246070348	36
wk36_PBMC_CD3p_CD4p_TCM_TOXpIRF4p_MFI_TBET	aIL10+aPD1	groupControl	192.9000000000001	56.3029315454431	3.426109346443303	0.0023076759499371	0.00692302784981131	36
wk36_PBMC_CD3p_CD8p_TCF1pCD101p_MFI_BCL2	aIL10+aPD1	groupaIL10	390.41570247933834	333.5866489654638	1.1703576977379513	0.25384142569097223	0.5076828513819445	36
wk36_PBMC_CD3p_CD8p_TCF1pCD101p_MFI_BCL2	aIL10+aPD1	groupControl	1222.9250000000004	344.0112317456347	3.554898465943819	0.00168625593839479	0.00505876781518439	36
wk36_PBMC_CD3p_CD8p_TCF1pCD101p_GRZBnTBETn_MFI_BCL2	aIL10+aPD1	groupaIL10	537.7818181818177	363.7439322321635	1.4784626505840173	0.1528494478406356	0.3056988956812712	36
wk36_PBMC_CD3p_CD8p_TCF1pCD101p_GRZBnTBETn_MFI_BCL2	aIL10+aPD1	groupControl	1246.8500000000004	375.1109301144189	3.3239500635710018	0.00295470553870024	0.00886411661610074	36
wk36_PBMC_CD3p_CD8p_TCM_notToxpIRF4p_MFI_TBET	aIL10+aPD1	groupaIL10	55.8690909090909	21.286093486717103	2.624675633598725	0.0151480543714092	0.03029610874281841	36
wk36_PBMC_CD3p_CD8p_TCM_notToxpIRF4p_MFI_TBET	aIL10+aPD1	groupControl	67.910000000000025	21.951283908177025	3.0936687022075744	0.00512386210496431	0.01537158631489295	36
wk36_PBMC_CD3p_CD8p_TCM_TOXpIRF4p_MFI_TBET	aIL10+aPD1	groupaIL10	99.6695867768595	46.65865686984648	2.136143503977967	0.04353494892152466	0.08706989784304932	36
wk36_PBMC_CD3p_CD8p_TCM_TOXpIRF4p_MFI_TBET	aIL10+aPD1	groupControl	144.77000000000007	48.11673989702921	3.008724205127171	0.00626072571386485	0.01878217714159457	36
wk36_LN_CD3p_CD4p_Naive_notToxpIRF4p_MFI_CD101	Control	groupaIL10	-44.87778925619833	25.529038268932588	-1.7579114725528884	0.09206553545339316	0.18413107090678635	36
wk36_LN_CD3p_CD4p_TCF1p_GRZBp_MFI_GRZB	Control	groupaIL10	-37.163223140495845	58.46841261372812	-0.6356119736996261	0.5313033088307826	0.575851107345942	36
wk36_LN_CD3p_CD4p_TCM_notToxpIRF4p_MFI_CD101	Control	groupaIL10	-100.92045454545458	91.73822075785591	-1.1000916925545707	0.2826734377156803	0.3446439924505872	36
wk36_LN_CD3p_CD4p_TCM_TOXpIRF4p_MFI_CD101	Control	groupaIL10	-308.4214876033056	357.8752286822816	-0.8618128970226084	0.3976869705425927	0.3976869705425927	36
wk36_LN_CD3p_CD4p_TEM_IRF4nTCF1nTOXn	Control	groupaIL10	9.767045454545451	3.190138252092402	3.061637046024346	0.00552706601659481	0.01658119804978443	36
wk36_LN_CD3p_CD4p_TEM_IRF4pTCF1pTOXn	Control	groupaIL10	-1.5815185950413215	0.8654879415198894	-1.827314419036279	0.08065739211751427	0.2419721763525428	36
wk36_LN_CD3p_CD4p_TEM_notToxpIRF4p_MFI_CD101	Control	groupaIL10	-48.699359504132254	45.19302763671429	-1.0775856819242946	0.29239151039643363	0.29239151039643363	36
wk36_LN_CD3p_CD4p_TEM_TCF1n	Control	groupaIL10	9.847520661157027	4.3445746895723705	2.2666247825805717	0.03312935152074434	0.09938805456223304	36
wk36_LN_CD3p_CD4p_TEM_TCF1p	Control	groupaIL10	-9.847520661157022	4.34457468957237	-2.2666247825805703	0.03312935152074442	0.09938805456223326	36
wk36_LN_CD3p_CD8p_IRF4nTCF1nTOXn	Control	groupaIL10	7.38030991735537	3.9970494909253063	1.8464394634370285	0.07773703255044292	0.23321109765132875	36
wk36_LN_CD3p_CD8p_IRF4nTCF1nTOXp	Control	groupaIL10	2.517179752066116	1.4831178201383486	1.6972217027446328	0.10314766162926536	0.3094429848877961	36
wk36_LN_CD3p_CD8p_IRF4nTCF1pTOXn	Control	groupaIL10	-6.234917355371895	4.985592788831145	-1.2505869651728314	0.22365880340812305	0.4473176068162461	36
wk36_LN_CD3p_CD8p_Naive_IRF4nTCF1nTOXn	Control	groupaIL10	6.445816115702473	3.027141113170523	2.129341142260576	0.04415072758577992	0.13245218275733975	36
wk36_LN_CD3p_CD8p_Naive_IRF4nTCF1nTOXp	Control	groupaIL10	1.6501549586776847	0.7094732910650321	2.3258873582126536	0.02919820948199578	0.08759462844598737	36
wk36_LN_CD3p_CD8p_Naive_notToxpIRF4p_MFI_CD101	Control	groupaIL10	-44.99071280991738	22.25515014617007	-2.021586577238164	0.05500423258027029	0.11000846516054058	36
wk36_LN_CD3p_CD8p_Naive_TCF1n	Control	groupaIL10	8.142479338842971	3.7666702762370927	2.161718106894484	0.04128843146377126	0.12386529439131376	36
wk36_LN_CD3p_CD8p_Naive_TCF1p	Control	groupaIL10	-8.139359504132214	3.764130762736609	-2.162347701814353	0.04123447043273186	0.1237034112981956	36
wk36_LN_CD3p_CD8p_notToxpIRF4p_MFI_TCF1	Control	groupaIL10	-1235.6756198347105	993.164710341541	-1.244179950181448	0.22596410114076293	0.45192820228152586	36
wk36_LN_CD3p_CD8p_TCF1pCD101n	Control	groupaIL10	-9.823966942148743	5.853287693432373	-1.6783673478362655	0.10681307819692584	0.21362615639385168	36
wk36_LN_CD3p_CD8p_TCF1nCD101n	Control	groupaIL10	7.1978512396694185	4.976116443787788	1.44647966360499	0.16153417889357016	0.4476132202258538	36
wk36_LN_CD3p_CD8p_TCF1n	Control	groupaIL10	10.18092975206611	5.585391389083031	1.822778216037881	0.08136384103998714	0.24409152311996143	36
wk36_LN_CD3p_CD8p_TCF1p	Control	groupaIL10	-10.18088842975204	5.585580072355753	-1.822709243779257	0.08137462366913262	0.24412387100739785	36
wk36_LN_CD3p_CD8p_TCFn	Control	groupaIL10	10.244318181818176	6.040680983917376	1.695887965130505	0.10340340057122668	0.3102102017136801	36
wk36_LN_CD3p_CD8p_TEM_IRF4nTCF1nTOXp	Control	groupaIL10	4.0530991735537185	1.7348863682315052	2.336233224130601	0.02855744009546142	0.08567232028638427	36
wk36_PBMC_CD3p_CD4p_TCM_notToxpIRF4p_MFI_TBET	Control	groupaIL10	-7.73966942148763	32.967219858384794	-0.23476864153951832	0.8164657917392283	0.8164657917392283	36
wk36_PBMC_CD3p_CD4p_TCM_TOXpIRF4p_MFI_TBET	Control	groupaIL10	-57.91322314049599	57.73242651931817	-1.0031316303865614	0.3262349594976801	0.3262349594976801	36
wk36_PBMC_CD3p_CD8p_TCF1pCD101p_MFI_BCL2	Control	groupaIL10	-832.5092975206616	352.7454541606797	-2.3600851200238115	0.027129065264935	0.05425813052987001	36
wk36_PBMC_CD3p_CD8p_TCF1pCD101p_GRZBnTBETn_MFI_BCL2	Control	groupaIL10	-709.0681818181824	384.63475373293454	-1.8434844353937747	0.07818217910808983	0.15636435821617967	36
wk36_PBMC_CD3p_CD8p_TCM_notToxpIRF4p_MFI_TBET	Control	groupaIL10	-12.040909090909098	22.50861279240247	-0.5349467424742129	0.5978211094156123	0.5978211094156123	36
wk36_PBMC_CD3p_CD8p_TCM_TOXpIRF4p_MFI_TBET	Control	groupaIL10	-45.100413223140464	49.33839276578866	-0.914103818444876	0.3701461902225765	0.7402923804451529	36
wk12_IL10	aIL10+aPD1	groupaIL10	-0.1966649466667951	0.0704053823752302	-2.7933226130163757	0.01008430980546861	0.02016861961093722	12
wk12_IL10	aIL10+aPD1	groupControl	-0.29949769225676787	0.07467618496433567	-4.010618544584245	5.129565900833626e-4	0.00153886977025008	12
wk12_IL4	aIL10+aPD1	groupaIL10	-0.03231173157117491	0.0090990337266580509	-3.5511168044700225	0.00162322835304664	0.00486968505913992	12
wk12_IL4	aIL10+aPD1	groupControl	-0.02527052709456878	0.00965098267554752	-2.6184408307556235	0.01506237942317309	0.03012475884634619	12
wk12_LN_CD3p_CD4_CD95pCD28nTEM	aIL10+aPD1	groupaIL10	0.5180410557184748	0.17442223392013162	2.970040252756349	0.0073046177616689	0.0219138532850067	12
wk12_LN_CD3p_CD4_CD95pCD28nTEM	aIL10+aPD1	groupControl	0.4890234604105569	0.18049762661862984	2.7093068732909473	0.01313586025192662	0.02627172050385324	12
wk12_LN_CD3p_CD4p_MFI_BCL2_UNS	aIL10+aPD1	groupaIL10	350.2948652770717	112.39848759186933	3.1165442950534095	0.00595959780316796	0.0145191544179474	12
wk12_LN_CD3p_CD4p_MFI_BCL2_UNS	aIL10+aPD1	groupControl	374.3289273004576	116.56279712795812	3.2113927987635176	0.0048397181393158	0.0145191544179474	12
wk12_LN_CD3p_CD4p_TCM_MFI_BCL2_UNS	aIL10+aPD1	groupaIL10	236.2577529232331	95.26489146489914	2.4800086295199693	0.02325338809055259	0.04650677618110518	12
wk12_LN_CD3p_CD4p_TCM_MFI_BCL2_UNS	aIL10+aPD1	groupControl	274.2409761057448	98.79440956146152	2.775875450069219	0.01246405661787544	0.03739216985362632	12
wk12_LN_CD3p_CD8p_KI67p_UNS	aIL10+aPD1	groupaIL10	-2.49749872902898	0.9189111172828668	-2.7178893388664704	0.01410500434500119	0.04231501303500358	12
wk12_LN_CD3p_CD8p_KI67p_UNS	aIL10+aPD1	groupControl	-1.7991408235892223	0.9529563291936708	-1.887957263594164	0.07526045901261376	0.07526045901261376	12
wk12_LN_CD3p_CD8p_TCM_GRZBp_GAG	aIL10+aPD1	groupaIL10	-3.6969140823589246	1.3443574293841876	-2.749948787096284	0.01317378050566429	0.03952134151699289	12
wk12_LN_CD3p_CD8p_TCM_GRZBp_GAG	aIL10+aPD1	groupControl	-3.7039196746314182	1.3941652211351276	-2.6567293592474583	0.0160587939279784	0.03952134151699289	12
wk12_LN_CD3p_CD8p_TCM_GRZBp_UNS	aIL10+aPD1	groupaIL10	-5.0670564311133734	1.8794910082857468	-2.695972690890899	0.01477749184976925	0.04433247554930775	12
wk12_LN_CD3p_CD8p_TCM_GRZBp_UNS	aIL10+aPD1	groupControl	-4.520147432638537	1.9491252399954957	-2.319064644942458	0.03235357891131726	0.06470715782263453	12
wk12_LN_CD3p_CD8p_TCM_KI67p_UNS	aIL10+aPD1	groupaIL10	-4.440945602440267	1.4940510839681855	-2.9724188483871363	0.00816003501888958	0.02448010505666876	12
wk12_LN_CD3p_CD8p_TCM_KI67p_UNS	aIL10+aPD1	groupControl	-3.669227249618709	1.5494049531320144	-2.3681525234585195	0.02927546804770773	0.05855093609541547	12
wk12_LN_CD3p_CD8p_TCM_SLAMF6p_UNS	aIL10+aPD1	groupaIL10	-2.5447229283172357	0.693012885451812	-3.671970581987368	0.0017442000503353	0.00523260015100591	12
wk12_LN_CD3p_CD8p_TCM_SLAMF6p_UNS	aIL10+aPD1	groupControl	-2.1126995424504327	0.7186886772649412	-2.9396588666049013	0.00876075812474422	0.01752151624948845	12
wk12_LN_CD3p_CD8p_TEM_CD39p_GAG	aIL10+aPD1	groupaIL10	-2.8990849008642607	1.4020931604387437	-2.06768350539352	0.05335433835933356	0.1038989701988346	12
wk12_LN_CD3p_CD8p_TEM_CD39p_GAG	aIL10+aPD1	groupControl	-5.521392984239959	1.454040033066613	-3.797277144147937	0.00131937152157632	0.00395811456472896	12
wk12_MIP3b	aIL10+aPD1	groupaIL10	-31.70480085665724	9.49113844294818	-3.3404634277791607	0.0027282938004378	0.00596461554398061	12
wk12_MIP3b	aIL10+aPD1	groupControl	-34.923723983866495	10.06687253128348	-3.4691731593241775	0.00198820518132687	0.00596461554398061	12
wk12_MSD_Cluster_1	aIL10+aPD1	groupaIL10	-0.3374393094463394	0.2176776091794186	-1.5501792339523923	0.13418606243201517	0.5367442497280607	12
wk12_MSD_Cluster_1	aIL10+aPD1	groupControl	-0.20484324679581417	0.23088197034486296	-0.8872206283143055	0.3837651198050907	1	12
wk12_MSD_Cluster_2	aIL10+aPD1	groupaIL10	-0.20509161336275944	0.1980785128552989	-1.035405660141359	0.3108002294153175	0.5129741807331442	12
wk12_MSD_Cluster_2	aIL10+aPD1	groupControl	-0.3882523133187091	0.2100939894709929	-1.8479934352063607	0.0769642805954346	0.3038850093342291	12
wk12_MSD_Cluster_3	aIL10+aPD1	groupaIL10	-0.699621342209615	0.2624635535595858	-2.6655942614553663	0.01353067961722228	0.04059203885166685	12
wk12_MSD_Cluster_3	aIL10+aPD1	groupControl	-0.9227494084724486	0.27838463780445255	-3.314656353705197	0.00290602078671661	0.01162408314686645	12
wk12_PBMC_CD3p_CD4p_TCM_MFI_BCL2_GAG	aIL10+aPD1	groupaIL10	391.2999999999996	123.45400989649474	3.169601378910819	0.00413359614300603	0.00413359614300603	12
wk12_PBMC_CD3p_CD4p_TCM_MFI_BCL2_GAG	aIL10+aPD1	groupControl	556.3500000000003	130.94275134372387	4.248803345666574	2.805087417522671e-4	5.610174835045342e-4	12
wk12_PBMC_CD3p_CD4p_TCM_MFI_BCL2_UNS	aIL10+aPD1	groupaIL10	464.1000000000002	170.4763206221238	2.722372223346607	0.01188043761995599	0.02376087523991198	12
wk12_PBMC_CD3p_CD4p_TCM_MFI_BCL2_UNS	aIL10+aPD1	groupControl	678.9500000000004	180.81744351545373	3.7548921542073086	9.764969805142852e-4	0.00292949094154285	12
wk12_PBMC_CD3p_CD8p_KI67p	aIL10+aPD1	groupaIL10	-1.1080000000000003	0.29791459206736864	-3.719186738424158	0.00106781760713873	0.00320345282141619	12
wk12_PBMC_CD3p_CD8p_KI67p	aIL10+aPD1	groupControl	-0.8137500000000004	0.31598614239789063	-2.575271161655324	0.01660559602272228	0.03321119204544456	12
wk12_IL10	Control	groupaIL10	0.1028327455899728	0.07467618496433567	1.3770487289767723	0.1812067973015805	0.362413594603161	12
wk12_IL4	Control	groupaIL10	-0.00704120447660613	0.00965098267554752	-0.7295842002127173	0.4727055635765038	0.5853948784518826	12
wk12_LN_CD3p_CD4_CD95pCD28nTEM	Control	groupaIL10	0.0290175953079179	0.18940067866257024	0.15320745159321555	0.879697311420177	0.879697311420177	12
wk12_LN_CD3p_CD4p_MFI_BCL2_UNS	Control	groupaIL10	-24.034062023385864	112.18621452688338	-0.21423364826724356	0.8327730362600337	1	12
wk12_LN_CD3p_CD4p_TCM_MFI_BCL2_UNS	Control	groupaIL10	-37.9832231825117	95.0849764951334	-0.399466083734645	0.6942498631418765	0.6942498631418765	12
wk12_LN_CD3p_CD8p_KI67p_UNS	Control	groupaIL10	-0.6983579054397565	0.9171756839732694	-0.7614221764083638	0.45626568756137353	0.45626568756137353	12
wk12_LN_CD3p_CD8p_TCM_GRZBp_GAG	Control	groupaIL10	0.00700559227249581	1.3418185084601957	0.00522096857982312	0.9958917176656266	0.9958917176656266	12
wk12_LN_CD3p_CD8p_TCM_GRZBp_UNS	Control	groupaIL10	-0.5469089984748344	1.8759414470283835	-0.29153841626622984	0.7739726852134965	0.7739726852134965	12
wk12_LN_CD3p_CD8p_TCM_KI67p_UNS	Control	groupaIL10	-0.7717183528215559	1.4912294552289171	-0.5175047677039682	0.6111053929844428	0.6111053929844428	12
wk12_LN_CD3p_CD8p_TCM_SLAMF6p_UNS	Control	groupaIL10	-0.43202338586680233	0.6917040780788539	-0.624578341458834	0.5400847217739013	0.5400847217739013	12
wk12_LN_CD3p_CD8p_TEM_CD39p_GAG	Control	groupaIL10	2.622308083375698	1.3994452012095868	1.8738197687977711	0.07728337950500179	0.10389897019883496	12
wk12_MIP3b	Control	groupaIL10	3.21892312720925	10.06687253128348	0.31975403653977247	0.7519217100901758	1	12
wk12_MSD_Cluster_1	Control	groupaIL10	-0.13259606265052487	0.23088197034486296	-0.5743023695287651	0.5711073536917224	1	12
wk12_MSD_Cluster_2	Control	groupaIL10	0.18316069995594964	0.2100939894709929	0.8718036171198422	0.3919536562090325	0.7839073124180649	12
wk12_MSD_Cluster_3	Control	groupaIL10	0.22312806626283355	0.2783846378044526	0.8015099828158144	0.4307010054752406	0.8017418388690156	12
wk12_PBMC_CD3p_CD4p_TCM_MFI_BCL2_GAG	Control	groupaIL10	-165.05000000000058	130.9427513437239	-1.2604745074184776	0.2196158328737483	0.2196158328737483	12
wk12_PBMC_CD3p_CD4p_TCM_MFI_BCL2_UNS	Control	groupaIL10	-214.8500000000001	180.81744351545373	-1.1882150074842628	0.24637445050126572	0.49274890100253144	12
wk12_PBMC_CD3p_CD8p_KI67p	Control	groupaIL10	-0.29425000000000023	0.3159861423978907	-0.9312117226630772	0.36101742403096626	0.6804616828146492	12
wk21_LN_CD3p_CD4_CD95pCD28nTEM	aIL10+aPD1	groupaIL10	0.6301404958677683	0.30661952146266597	2.055121907639186	0.05139566416754602	0.10279132833509204	21
wk21_LN_CD3p_CD4_CD95pCD28nTEM	aIL10+aPD1	groupControl	0.8307500000000002	0.3162013815083744	2.627281373778559	0.01505963022691427	0.04517889068074282	21
wk21_LN_CD3p_CD4p_TNFAp_GAG	aIL10+aPD1	groupaIL10	-0.01140495867768592	0.03236171085572342	-0.3524213762533159	0.7277312008915604	0.7277312008915604	21
wk21_LN_CD3p_CD4p_TNFAp_GAG	aIL10+aPD1	groupControl	-0.08749999999999998	0.0333730143199648	-2.621878837826606	0.01524350373067023	0.04573051119201069	21
wk21_LN_CD3p_CD4_CD95pCD28nTEM	Control	groupaIL10	-0.20060950413223128	0.32422952983371955	-0.618726814411733	0.5421763254145837	0.7070065077207663	21
wk21_LN_CD3p_CD4p_TNFAp_GAG	Control	groupaIL10	0.07609504132231405	0.0342203335433865	2.223679124162726	0.03627356202291859	0.07254712404583719	21
wk36_LN_CD3p_CD4p_IFNGp_GAG_UNS	aIL10+aPD1	groupaIL10	-1.673407145211825	0.6361652885909598	-2.630459685906864	0.01495243190310007	0.03306896550136436	36
wk36_LN_CD3p_CD4p_IFNGp_GAG_UNS	aIL10+aPD1	groupControl	-1.8138820223352503	0.6560454538594276	-2.764872482027618	0.01102298850045478	0.03306896550136436	36
wk36_LN_CD3p_CD4p_IL2p_GAG_UNS	aIL10+aPD1	groupaIL10	-1.7411745790810953	0.7026650832781286	-2.4779580208511716	0.02098845913246057	0.04799225646202531	36
wk36_LN_CD3p_CD4p_IL2p_GAG_UNS	aIL10+aPD1	groupControl	-1.8842729198505763	0.7246233671305705	-2.600347995003379	0.0159974188206751	0.04799225646202531	36
wk36_LN_CD3p_CD4p_KI67p	aIL10+aPD1	groupaIL10	3.5361735537190073	0.9188553107283388	3.848455259964735	8.190055320579664e-4	0.00327602212823186	36
wk36_LN_CD3p_CD4p_KI67p	aIL10+aPD1	groupControl	1.3032500000000016	0.9475695391886	1.3753608005550382	0.18226868521029987	0.18226868521029987	36
wk36_LN_CD3p_CD4p_TCM_IFNGp_GAG	aIL10+aPD1	groupaIL10	-1.5142975206611564	0.6840303310641701	-2.2137870966998063	0.03703518937048988	0.07407037874097977	36
wk36_LN_CD3p_CD4p_TCM_IFNGp_GAG	aIL10+aPD1	groupControl	-1.8850000000000005	0.7054062789099258	-2.6722189132097283	0.01360892123880987	0.04082676371642961	36
wk36_LN_CD3p_CD4p_TCM_IFNGp_GAG_UNS	aIL10+aPD1	groupaIL10	-1.8593626741079536	0.705649742026211	-2.634965427421482	0.014801688792287	0.03619575543913699	36
wk36_LN_CD3p_CD4p_TCM_IFNGp_GAG_UNS	aIL10+aPD1	groupControl	-1.983193617539114	0.7277012964645304	-2.725285260826492	0.01206525181304566	0.03619575543913699	36
wk36_LN_CD3p_CD4p_TEM	aIL10+aPD1	groupaIL10	0.29849421487603295	0.090719470713255	3.2902993428997163	0.00320414408344115	0.01281657633376463	36
wk36_LN_CD3p_CD4p_TEM	aIL10+aPD1	groupControl	0.1520500000000002	0.09355445417304424	1.6252566630206495	0.11773377623132236	0.2654392755971376	36
wk36_LN_CD3p_CD4p_TEM_MFI_TCF1_GAG	aIL10+aPD1	groupaIL10	-639.9330578512394	236.52306489129677	-2.705584160028305	0.01261799345562581	0.03785398036687744	36
wk36_LN_CD3p_CD4p_TEM_MFI_TCF1_GAG	aIL10+aPD1	groupControl	-290.0250000000002	243.9144106691499	-1.18904413726254	0.2465538858907556	0.4931077717815112	36
wk36_LN_CD3p_CD4p_TNFAp_GAG_UNS	aIL10+aPD1	groupaIL10	-3.330881525883272	1.2826254405535151	-2.596924574056347	0.01612046344663015	0.04836139033989047	36
wk36_LN_CD3p_CD4p_TNFAp_GAG_UNS	aIL10+aPD1	groupControl	-2.8218076729442347	1.3227074855708132	-2.1333573021449155	0.04378622700134366	0.08757245400268733	36
wk36_LN_CD3p_CD8p_CD25p	aIL10+aPD1	groupaIL10	5.075024793388431	1.8412271198405616	2.756327418112273	0.01124048811693886	0.03987174035693208	36
wk36_LN_CD3p_CD8p_CD25p	aIL10+aPD1	groupControl	2.830500000000001	1.8987654673355805	1.4907054339743528	0.14962684413187677	0.14962684413187677	36
wk36_LN_CD3p_CD8p_CX3CR1p_GAG_UNS	aIL10+aPD1	groupaIL10	-0.16458804197383392	0.05699894453147592	-2.8875629772924167	0.00830824946983427	0.02492474840950281	36
wk36_LN_CD3p_CD8p_CX3CR1p_GAG_UNS	aIL10+aPD1	groupControl	-0.13030303364919088	0.05878016154808457	-2.216785905608607	0.03680277972700398	0.07360555945400796	36
wk36_LN_CD3p_CD8p_IFNGp_GAG_UNS	aIL10+aPD1	groupaIL10	-2.062670583621569	0.7367693719689926	-2.799614997715157	0.01017904135920739	0.02428888343000492	36
wk36_LN_CD3p_CD8p_IFNGp_GAG_UNS	aIL10+aPD1	groupControl	-2.2024076194421633	0.759793414843024	-2.8986926925356262	0.0080962944766683	0.02428888343000492	36
wk36_LN_CD3p_CD8p_KI67p	aIL10+aPD1	groupaIL10	4.329892561983471	1.5801792772298326	2.7401274174244854	0.01166401981090297	0.03499205943270893	36
wk36_LN_CD3p_CD8p_KI67p	aIL10+aPD1	groupControl	1.7532500000000018	1.629559879643266	1.0759040044504613	0.2931271555935792	0.38834514321555086	36
wk36_LN_CD3p_CD8p_MFI_TCF1_UNS	aIL10+aPD1	groupaIL10	-2116.9636363636364	810.3783634830316	-2.612315100892946	0.01557417576511512	0.04672252729534537	36
wk36_LN_CD3p_CD8p_MFI_TCF1_UNS	aIL10+aPD1	groupControl	-1153.3500000000013	835.7026873418769	-1.3800960765944963	0.18082557757127912	0.36165115514255824	36
wk36_LN_CD3p_CD8p_TCM_CX3CR1p_GAG_UNS	aIL10+aPD1	groupaIL10	-0.17202186785694654	0.0547862169830487	-3.139874905218798	0.00459175448406217	0.01377526345218653	36
wk36_LN_CD3p_CD8p_TCM_CX3CR1p_GAG_UNS	aIL10+aPD1	groupControl	-0.11768236149039872	0.056498286263769	-2.082936833534818	0.0485644688196174	0.0971289376392348	36
wk36_LN_CD3p_CD8p_TCM_IFNGp_GAG	aIL10+aPD1	groupaIL10	-2.544727272727272	0.967730807754614	-2.6295817518011004	0.01498197111473434	0.02996394222946869	36
wk36_LN_CD3p_CD8p_TCM_IFNGp_GAG	aIL10+aPD1	groupControl	-2.844500000000002	0.9979723954969464	-2.850279239019999	0.00905746287520851	0.02717238862562553	36
wk36_LN_CD3p_CD8p_TEM_CX3CR1p_GAG	aIL10+aPD1	groupaIL10	-8.599421487603307	3.1285199771451633	-2.748718739347942	0.0114375648442475	0.022875129688495	36
wk36_LN_CD3p_CD8p_TEM_CX3CR1p_GAG	aIL10+aPD1	groupControl	-11.592500000000005	3.226286226430951	-3.5931405915042136	0.00153563337396557	0.00460690012189672	36
wk36_LN_CD3p_CD8p_TEM_CX3CR1p_GAG_UNS	aIL10+aPD1	groupaIL10	-0.15193357163221724	0.03923618302667163	-3.8722821618233647	7.72116029971873e-4	0.00231634808991561	36
wk36_LN_CD3p_CD8p_TEM_CX3CR1p_GAG_UNS	aIL10+aPD1	groupControl	-0.1301237369101889	0.04046231374625514	-3.215924272798959	0.00383004242062783	0.00766008484125566	36
wk36_PBMC_CD3p_CD4p_CD39p_GAG_UNS	aIL10+aPD1	groupaIL10	-0.3128764718452681	0.12684686394720066	-2.4665684441004494	0.0215200669810406	0.04304013396208121	36
wk36_PBMC_CD3p_CD4p_CD39p_GAG_UNS	aIL10+aPD1	groupControl	-0.2225956927996544	0.13081082844555073	-1.7016610585285652	0.1023002913389095	0.1023002913389095	36
wk36_PBMC_CD3p_CD4p_CD39p_UNS	aIL10+aPD1	groupaIL10	4.084016528925618	1.624439495690375	2.514108121453881	0.019380871707587	0.04645134446684033	36
wk36_PBMC_CD3p_CD4p_CD39p_UNS	aIL10+aPD1	groupControl	4.5935000000000015	1.6752032299307	2.742055362554444	0.01161283611671008	0.04645134446684033	36
wk36_PBMC_CD3p_CD4p_CD69p_GAG_UNS	aIL10+aPD1	groupaIL10	-0.3281508853398462	0.1115230679732976	-2.9424485113556655	0.0073119507198299	0.02193585215948972	36
wk36_PBMC_CD3p_CD4p_CD69p_GAG_UNS	aIL10+aPD1	groupControl	-0.23400971341992297	0.1150081638474632	-2.034722628302222	0.05356471144632293	0.10712942289264586	36
wk36_PBMC_CD3p_CD4p_KI67p_GAG_UNS	aIL10+aPD1	groupaIL10	-0.2867806483106493	0.10604936012477292	-2.704218563631464	0.01265717939274983	0.0379715381782495	36
wk36_PBMC_CD3p_CD4p_KI67p_GAG_UNS	aIL10+aPD1	groupControl	-0.1601198733057367	0.10936340262867214	-1.4641083713296754	0.15669929606909455	0.3133985921381891	36
wk36_PBMC_CD3p_CD4p_Naive_KI67p_UNS	aIL10+aPD1	groupaIL10	1.2592066115702472	0.4004435574462638	3.1445295801499373	0.00454120633446821	0.01362361900340463	36
wk36_PBMC_CD3p_CD4p_Naive_KI67p_UNS	aIL10+aPD1	groupControl	0.6165000000000004	0.4129574186164598	1.4928899983573942	0.1490576627084029	0.19102867474442897	36
wk36_PBMC_CD3p_CD4p_Naive_TNFAp_GAG	aIL10+aPD1	groupaIL10	-0.08267520661157021	0.02999168818632655	-2.7566039663369963	0.01123338593456185	0.03370015780368556	36
wk36_PBMC_CD3p_CD4p_Naive_TNFAp_GAG	aIL10+aPD1	groupControl	-0.063825	0.03092892844214927	-2.0636020455535946	0.05051726837903533	0.10103453675807068	36
wk36_PBMC_CD3p_CD4p_TCM_CD39p_GAG	aIL10+aPD1	groupaIL10	1.8869504132231396	1.0114713260963375	1.8655500799074725	0.07491100108701956	0.14982200217403913	36
wk36_PBMC_CD3p_CD4p_TCM_CD39p_GAG	aIL10+aPD1	groupControl	2.874750000000001	1.0430798050368486	2.7560211463383144	0.01124835860274438	0.03374507580823314	36
wk36_PBMC_CD3p_CD4p_TCM_CD69p_GAG_UNS	aIL10+aPD1	groupaIL10	-0.3937998159941661	0.14193109111923688	-2.774584574026372	0.0107806220045532	0.03234186601365961	36
wk36_PBMC_CD3p_CD4p_TCM_CD69p_GAG_UNS	aIL10+aPD1	groupControl	-0.3029561173538356	0.1463664377167131	-2.069846899876023	0.04987900555312818	0.09975801110625636	36
wk36_PBMC_CD3p_CD4p_TEM_ID2p_GAG	aIL10+aPD1	groupaIL10	-16.802107438016517	7.2476534819531455	-2.318282390273517	0.02967760025762453	0.05935520051524907	36
wk36_PBMC_CD3p_CD4p_TEM_ID2p_GAG	aIL10+aPD1	groupControl	-23.261250000000008	7.4741426532641855	-3.1122298675743245	0.00490333682772938	0.01471001048318814	36
wk36_PBMC_CD3p_CD8p_IFNGp_GAG_UNS	aIL10+aPD1	groupaIL10	-0.8537376743669951	0.3099719753839192	-2.754241486862123	0.01129419504357903	0.03388258513073709	36
wk36_PBMC_CD3p_CD8p_IFNGp_GAG_UNS	aIL10+aPD1	groupControl	-0.3863903780136655	0.31965859961466686	-1.2087595280697614	0.23903572879895635	0.4780714575979127	36
wk36_PBMC_CD3p_CD8p_Naive_TNFAp_GAG_UNS	aIL10+aPD1	groupaIL10	-8.181592213218705	2.930371692843136	-2.791998104950528	0.01092380926117458	0.03277142778352376	36
wk36_PBMC_CD3p_CD8p_Naive_TNFAp_GAG_UNS	aIL10+aPD1	groupControl	-5.832325589292649	3.0324410127140036	-1.923310483151914	0.0681050225166529	0.1362100450333058	36
wk36_PBMC_CD3p_CD8p_TBETp_GAG_UNS	aIL10+aPD1	groupaIL10	-0.24683643684161935	0.08166257011946092	-3.0226386027347925	0.00605921617563833	0.01490052033232922	36
wk36_PBMC_CD3p_CD8p_TBETp_GAG_UNS	aIL10+aPD1	groupControl	-0.0685045778285484	0.08421452543569412	-0.8134532311870382	0.424299736906305	0.424299736906305	36
wk36_PBMC_CD3p_CD8p_TCM_CD69p_UNS	aIL10+aPD1	groupaIL10	1.3253966942148765	0.842793018605025	1.572624197111466	0.12946234461230388	0.12946234461230388	36
wk36_PBMC_CD3p_CD8p_TCM_CD69p_UNS	aIL10+aPD1	groupControl	5.511750000000003	0.8691303004364325	6.3416843219391685	1.8004939849039702e-6	7.201975939615881e-6	36
wk36_PBMC_CD3p_CD8p_TNFAp_GAG_UNS	aIL10+aPD1	groupaIL10	-3.1694352590919244	1.11445890336301	-2.8439229562685377	0.00919144103529733	0.027574323105892	36
wk36_PBMC_CD3p_CD8p_TNFAp_GAG_UNS	aIL10+aPD1	groupControl	-0.6822463877938704	1.149285744093105	-0.5936264251952652	0.5585555234221942	1	36
wk36_LN_CD3p_CD4p_IFNGp_GAG_UNS	Control	groupaIL10	0.1404748771234244	0.6727020231211668	0.20882184428650383	0.8364256769784186	1	36
wk36_LN_CD3p_CD4p_IL2p_GAG_UNS	Control	groupaIL10	0.14309834076948016	0.743021085203732	0.1925898788326356	0.8489705907436376	0.8489705907436376	36
wk36_LN_CD3p_CD4p_KI67p	Control	groupaIL10	2.232923553719008	0.9716277162050834	2.2981266553821738	0.03098323646693286	0.0929497094007986	36
wk36_LN_CD3p_CD4p_TCM_IFNGp_GAG	Control	groupaIL10	0.3707024793388432	0.7233160875568835	0.512504126088154	0.6131851353036389	1	36
wk36_LN_CD3p_CD4p_TCM_IFNGp_GAG_UNS	Control	groupaIL10	0.12383094343115963	0.7461771611704172	0.16595381080402466	0.8696434749020335	0.9473538739740286	36
wk36_LN_CD3p_CD4p_TEM	Control	groupaIL10	0.14644421487603293	0.09592974118480584	1.526577816924497	0.14050159362459094	0.3532013286939695	36
wk36_LN_CD3p_CD4p_TEM_MFI_TCF1_GAG	Control	groupaIL10	-349.9080578512395	250.10723961316015	-1.3990321047581065	0.17514493897762784	0.5254348169328835	36
wk36_LN_CD3p_CD4p_TNFAp_GAG_UNS	Control	groupaIL10	-0.5090738529390393	1.3562901721313574	-0.37534287529271815	0.7108447264562081	1	36
wk36_LN_CD3p_CD8p_CD25p	Control	groupaIL10	2.244524793388431	1.9469738930359897	1.1528273704217262	0.2608223070334205	0.2992536882637538	36
wk36_LN_CD3p_CD8p_CX3CR1p_GAG_UNS	Control	groupaIL10	-0.03428500832464312	0.06027255178763599	-0.5688328651729024	0.5749826478452729	0.5749826478452729	36
wk36_LN_CD3p_CD8p_IFNGp_GAG_UNS	Control	groupaIL10	0.13973703582059308	0.7790840776538022	0.17936066187029348	0.8592252406747156	0.8592252406747156	36
wk36_LN_CD3p_CD8p_KI67p	Control	groupaIL10	2.57664256198347	1.6709333497919452	1.5420379049255906	0.13671198619135122	0.41013595857405366	36
wk36_LN_CD3p_CD8p_MFI_TCF1_UNS	Control	groupaIL10	-963.6136363636356	856.9206374275645	-1.124507444769166	0.27239713216595496	0.5447942643319099	36
wk36_LN_CD3p_CD8p_TCM_CX3CR1p_GAG_UNS	Control	groupaIL10	-0.05433950636654776	0.05793274116744353	-0.9379757503531516	0.3580030270560476	0.3580030270560476	36
wk36_LN_CD3p_CD8p_TCM_IFNGp_GAG	Control	groupaIL10	0.29977272727272797	1.023310268397534	0.2929441211824845	0.7721915721963928	0.7721915721963928	36
wk36_LN_CD3p_CD8p_TEM_CX3CR1p_GAG	Control	groupaIL10	2.993078512396691	3.308199544589936	0.9047454580820018	0.3749802340809153	0.3749802340809153	36
wk36_LN_CD3p_CD8p_TEM_CX3CR1p_GAG_UNS	Control	groupaIL10	-0.02180983472202844	0.04148962569154779	-0.5256695947119984	0.6041495692584595	0.7085811621905469	36
wk36_PBMC_CD3p_CD4p_CD39p_GAG_UNS	Control	groupaIL10	-0.09028077904561388	0.13413203067532134	-0.6730739748818582	0.5076074159915268	0.5076074159915268	36
wk36_PBMC_CD3p_CD4p_CD39p_UNS	Control	groupaIL10	-0.5094834710743802	1.7177355551875544	-0.29660180784856094	0.7694324190628562	0.7694324190628562	36
wk36_PBMC_CD3p_CD4p_CD69p_GAG_UNS	Control	groupaIL10	-0.09414117191992348	0.11792814665585132	-0.7982926433555749	0.4328665920362814	0.5367350167687875	36
wk36_PBMC_CD3p_CD4p_KI67p_GAG_UNS	Control	groupaIL10	-0.12666077500491282	0.11214006860489008	-1.1294872259369166	0.27033507036405824	0.5406701407281165	36
wk36_PBMC_CD3p_CD4p_Naive_KI67p_UNS	Control	groupaIL10	0.6427066115702473	0.4234421400711535	1.517814479830112	0.14268765687752674	0.28654301211664357	36
wk36_PBMC_CD3p_CD4p_Naive_TNFAp_GAG	Control	groupaIL10	-0.01885020661157023	0.031714193907762	-0.5943776047530779	0.5580616420425901	0.5580616420425901	36
wk36_PBMC_CD3p_CD4p_TCM_CD39p_GAG	Control	groupaIL10	-0.987799586776859	1.0695629258570725	-0.9235544378890151	0.3653065642919069	0.47127344377307606	36
wk36_PBMC_CD3p_CD4p_TCM_CD69p_GAG_UNS	Control	groupaIL10	-0.09084369864033062	0.15008258679309228	-0.6052913970997188	0.5509117483658906	0.5509117483658906	36
wk36_PBMC_CD3p_CD4p_TEM_ID2p_GAG	Control	groupaIL10	6.459142561983469	7.663906295468907	0.8428003048265706	0.4080195074409959	0.4080195074409959	36
wk36_PBMC_CD3p_CD8p_IFNGp_GAG_UNS	Control	groupaIL10	-0.4673472963533305	0.3277745244690644	-1.4258194626636975	0.1673525304652118	0.5020575913956353	36
wk36_PBMC_CD3p_CD8p_Naive_TNFAp_GAG_UNS	Control	groupaIL10	-2.3492666239260616	3.182016276733489	-0.7382949738829464	0.4685064792832988	0.7503032262048688	36
wk36_PBMC_CD3p_CD8p_TBETp_GAG_UNS	Control	groupaIL10	-0.17833185901307125	0.08635267770473598	-2.065157256881343	0.05035763771878868	0.10071527543757736	36
wk36_PBMC_CD3p_CD8p_TCM_CD69p_UNS	Control	groupaIL10	-4.186353305785126	0.891196955973074	-4.697450185087492	9.894413226369776e-5	1.9788826452739553e-4	36
wk36_PBMC_CD3p_CD8p_TNFAp_GAG_UNS	Control	groupaIL10	-2.4871888712980565	1.178465364934008	-2.110532006545084	0.04589438837064005	0.13768316511192014	36
